Name,Allegiances,Allegiances-Arryn,Allegiances-Baratheon,Allegiances-Greyjoy,Allegiances-House Arryn,Allegiances-House Baratheon,Allegiances-House Greyjoy,Allegiances-House Lannister,Allegiances-House Martell,Allegiances-House Stark,Allegiances-House Targaryen,Allegiances-House Tully,Allegiances-House Tyrell,Allegiances-Lannister,Allegiances-Martell,Allegiances-Night s Watch,Allegiances-None,Allegiances-Stark,Allegiances-Targaryen,Allegiances-Tully,Allegiances-Tyrell,Allegiances-Wildling,Death Year,Book of Death,Death Chapter,Book Intro Chapter,Gender,Nobility,GoT,CoK,SoS,FfC,DwD
Addam Marbrand,Lannister,0,0,0,0,0,0,0,0,0,0,0,0,1,0,0,0,0,0,0,0,0,0,0,0,56,1,1,1,1,1,1,0
Aegon Frey (Jinglebell),None,0,0,0,0,0,0,0,0,0,0,0,0,0,0,0,1,0,0,0,0,0,1,3,51,49,1,1,0,0,1,0,0
Aegon Targaryen,House Targaryen,0,0,0,0,0,0,0,0,0,1,0,0,0,0,0,0,0,0,0,0,0,0,0,0,5,1,1,0,0,0,0,1
Adrack Humble,House Greyjoy,0,0,0,0,0,1,0,0,0,0,0,0,0,0,0,0,0,0,0,0,0,1,5,20,20,1,1,0,0,0,0,1
Aemon Costayne,Lannister,0,0,0,0,0,0,0,0,0,0,0,0,1,0,0,0,0,0,0,0,0,0,0,0,0,1,1,0,0,1,0,0
Aemon Estermont,Baratheon,0,1,0,0,0,0,0,0,0,0,0,0,0,0,0,0,0,0,0,0,0,0,0,0,0,1,1,0,1,1,0,0
Aemon Targaryen (son of Maekar I),Night s Watch,0,0,0,0,0,0,0,0,0,0,0,0,0,0,1,0,0,0,0,0,0,1,4,35,21,1,1,1,0,1,1,0
Aenys Frey,None,0,0,0,0,0,0,0,0,0,0,0,0,0,0,0,1,0,0,0,0,0,1,5,0,59,0,1,1,1,1,0,1
Aeron Greyjoy,House Greyjoy,0,0,0,0,0,1,0,0,0,0,0,0,0,0,0,0,0,0,0,0,0,0,0,0,11,1,1,0,1,0,1,0
Aethan,Night s Watch,0,0,0,0,0,0,0,0,0,0,0,0,0,0,1,0,0,0,0,0,0,0,0,0,0,1,0,0,0,1,0,0
Aggar,House Greyjoy,0,0,0,0,0,1,0,0,0,0,0,0,0,0,0,0,0,0,0,0,0,1,2,56,50,1,0,0,1,0,0,0
Aggo,House Targaryen,0,0,0,0,0,0,0,0,0,1,0,0,0,0,0,0,0,0,0,0,0,0,0,0,54,1,0,1,1,1,0,1
Alan of Rosby,Night s Watch,0,0,0,0,0,0,0,0,0,0,0,0,0,0,1,0,0,0,0,0,0,1,5,4,18,1,1,0,1,1,0,1
Alayaya,None,0,0,0,0,0,0,0,0,0,0,0,0,0,0,0,1,0,0,0,0,0,0,0,0,15,0,0,0,1,0,0,0
Albar Royce,Arryn,1,0,0,0,0,0,0,0,0,0,0,0,0,0,0,0,0,0,0,0,0,0,0,0,38,1,1,1,0,0,1,0
Albett,Night s Watch,0,0,0,0,0,0,0,0,0,0,0,0,0,0,1,0,0,0,0,0,0,0,0,0,26,1,0,1,0,0,0,0
Alebelly,House Stark,0,0,0,0,0,0,0,0,1,0,0,0,0,0,0,0,0,0,0,0,0,1,2,46,4,1,0,0,1,0,0,0
Alerie Hightower,House Tyrell,0,0,0,0,0,0,0,0,0,0,0,1,0,0,0,0,0,0,0,0,0,0,0,0,6,0,1,0,0,1,1,0
Alesander Staedmon,Baratheon,0,1,0,0,0,0,0,0,0,0,0,0,0,0,0,0,0,0,0,0,0,0,0,0,65,1,1,0,1,0,0,0
Alester Florent,Baratheon,0,1,0,0,0,0,0,0,0,0,0,0,0,0,0,0,0,0,0,0,0,1,4,0,36,1,1,0,1,1,0,0
Alia of Braavos,None,0,0,0,0,0,0,0,0,0,0,0,0,0,0,0,1,0,0,0,0,0,0,0,0,28,0,0,1,0,0,0,0
Alla Tyrell,House Tyrell,0,0,0,0,0,0,0,0,0,0,0,1,0,0,0,0,0,0,0,0,0,0,0,0,6,0,1,0,0,1,1,0
Allard Seaworth,Baratheon,0,1,0,0,0,0,0,0,0,0,0,0,0,0,0,0,0,0,0,0,0,1,2,10,10,1,1,0,1,0,0,0
Alliser Thorne,Night s Watch,0,0,0,0,0,0,0,0,0,0,0,0,0,0,1,0,0,0,0,0,0,0,0,0,19,1,0,1,1,1,0,1
Alyn,House Stark,0,0,0,0,0,0,0,0,1,0,0,0,0,0,0,0,0,0,0,0,0,1,3,34,12,1,0,1,0,0,0,0
Alyn Ambrose,Tyrell,0,0,0,0,0,0,0,0,0,0,0,0,0,0,0,0,0,0,0,1,0,0,0,0,59,1,1,0,1,0,1,0
Alyn Estermont,Baratheon,0,1,0,0,0,0,0,0,0,0,0,0,0,0,0,0,0,0,0,0,0,0,0,0,0,1,1,0,1,1,0,0
Alyn Stackspear,Lannister,0,0,0,0,0,0,0,0,0,0,0,0,1,0,0,0,0,0,0,0,0,0,0,0,16,1,1,0,0,0,1,0
Alys Karstark,Stark,0,0,0,0,0,0,0,0,0,0,0,0,0,0,0,0,1,0,0,0,0,0,0,0,44,0,1,0,0,0,0,1
Alysane Mormont,Stark,0,0,0,0,0,0,0,0,0,0,0,0,0,0,0,0,1,0,0,0,0,0,0,0,35,0,1,0,0,0,0,1
Alyx Frey,None,0,0,0,0,0,0,0,0,0,0,0,0,0,0,0,1,0,0,0,0,0,0,0,0,49,1,1,0,0,1,0,0
Ambrode,Greyjoy,0,0,1,0,0,0,0,0,0,0,0,0,0,0,0,0,0,0,0,0,0,0,0,0,24,1,0,0,1,0,0,0
Amory Lorch,House Lannister,0,0,0,0,0,0,1,0,0,0,0,0,0,0,0,0,0,0,0,0,0,1,2,47,14,1,1,0,1,0,0,0
Andar Royce,Arryn,1,0,0,0,0,0,0,0,0,0,0,0,0,0,0,0,0,0,0,0,0,0,0,0,29,1,1,1,0,0,0,0
Andrew Estermont,Baratheon,0,1,0,0,0,0,0,0,0,0,0,0,0,0,0,0,0,0,0,0,0,0,0,0,36,1,1,0,0,1,0,0
Andrey Dalt,Martell,0,0,0,0,0,0,0,0,0,0,0,0,0,1,0,0,0,0,0,0,0,0,0,0,21,1,1,0,0,0,1,0
Andrik,Greyjoy,0,0,1,0,0,0,0,0,0,0,0,0,0,0,0,0,0,0,0,0,0,0,0,0,19,1,1,0,0,0,1,0
Anguy,None,0,0,0,0,0,0,0,0,0,0,0,0,0,0,0,1,0,0,0,0,0,0,0,0,30,1,0,1,0,1,0,0
Antario Jast,Lannister,0,0,0,0,0,0,0,0,0,0,0,0,1,0,0,0,0,0,0,0,0,0,0,0,32,1,1,0,1,0,0,0
Anvil Ryn,None,0,0,0,0,0,0,0,0,0,0,0,0,0,0,0,1,0,0,0,0,0,1,3,34,34,1,0,0,0,1,0,0
Anya Waynwood,Arryn,1,0,0,0,0,0,0,0,0,0,0,0,0,0,0,0,0,0,0,0,0,0,0,0,38,0,1,1,0,0,1,0
Archibald Yronwood,Martell,0,0,0,0,0,0,0,0,0,0,0,0,0,1,0,0,0,0,0,0,0,0,0,0,6,1,1,0,0,0,0,1
Ardrian Celtigar,Baratheon,0,1,0,0,0,0,0,0,0,0,0,0,0,0,0,0,0,0,0,0,0,0,0,0,10,1,1,0,1,1,0,0
Areo Hotah,House Martell,0,0,0,0,0,0,0,1,0,0,0,0,0,0,0,0,0,0,0,0,0,0,0,0,2,1,0,0,0,0,1,1
Arianne Martell,House Martell,0,0,0,0,0,0,0,1,0,0,0,0,0,0,0,0,0,0,0,0,0,0,0,0,2,0,1,0,0,0,1,1
Arneld,Lannister,0,0,0,0,0,0,0,0,0,0,0,0,1,0,0,0,0,0,0,0,0,0,0,0,59,1,0,0,1,0,0,0
Arnolf Karstark,Stark,0,0,0,0,0,0,0,0,0,0,0,0,0,0,0,0,1,0,0,0,0,0,0,0,3,1,1,0,0,0,0,1
Aron Santagar,Lannister,0,0,0,0,0,0,0,0,0,0,0,0,1,0,0,0,0,0,0,0,0,1,2,41,18,1,1,1,1,0,0,0
Arron,Night s Watch,0,0,0,0,0,0,0,0,0,0,0,0,0,0,1,0,0,0,0,0,0,0,0,0,75,1,0,0,0,1,0,1
Arron Qorgyle,Martell,0,0,0,0,0,0,0,0,0,0,0,0,0,1,0,0,0,0,0,0,0,0,0,0,38,1,1,0,0,1,0,0
Arryk (Guard),House Tyrell,0,0,0,0,0,0,0,0,0,0,0,1,0,0,0,0,0,0,0,0,0,0,0,0,6,1,0,0,0,1,1,0
Arson,Wildling,0,0,0,0,0,0,0,0,0,0,0,0,0,0,0,0,0,0,0,0,1,0,0,0,26,1,0,0,0,1,0,0
Arthor Karstark,Stark,0,0,0,0,0,0,0,0,0,0,0,0,0,0,0,0,1,0,0,0,0,0,0,0,62,1,1,0,0,0,0,1
Arwyn Frey,None,0,0,0,0,0,0,0,0,0,0,0,0,0,0,0,1,0,0,0,0,0,0,0,0,49,0,1,0,0,1,0,0
Arwyn Oakheart,Tyrell,0,0,0,0,0,0,0,0,0,0,0,0,0,0,0,0,0,0,0,1,0,0,0,0,22,0,1,0,1,0,0,0
Arya Stark,Stark,0,0,0,0,0,0,0,0,0,0,0,0,0,0,0,0,1,0,0,0,0,0,0,0,2,0,1,1,1,1,1,1
Arys Oakheart,Lannister,0,0,0,0,0,0,0,0,0,0,0,0,1,0,0,0,0,0,0,0,0,1,4,21,57,1,1,1,1,0,1,0
Asha Greyjoy,House Greyjoy,0,0,0,0,0,1,0,0,0,0,0,0,0,0,0,0,0,0,0,0,0,0,0,0,11,0,1,0,1,0,1,1
Aurane Waters,Lannister,0,0,0,0,0,0,0,0,0,0,0,0,1,0,0,0,0,0,0,0,0,0,0,0,65,1,0,0,1,0,1,0
Axell Florent,Baratheon,0,1,0,0,0,0,0,0,0,0,0,0,0,0,0,0,0,0,0,0,0,0,0,0,0,1,1,0,1,1,0,1
Azzak,None,0,0,0,0,0,0,0,0,0,0,0,0,0,0,0,1,0,0,0,0,0,0,0,0,2,1,1,0,0,0,0,1
Ballabar,Lannister,0,0,0,0,0,0,0,0,0,0,0,0,1,0,0,0,0,0,0,0,0,0,0,0,4,1,0,0,1,0,0,0
Balon Swann,Lannister,0,0,0,0,0,0,0,0,0,0,0,0,1,0,0,0,0,0,0,0,0,0,0,0,29,1,1,1,1,1,1,1
Bannen,Night s Watch,0,0,0,0,0,0,0,0,0,0,0,0,0,0,1,0,0,0,0,0,0,1,3,33,0,1,0,0,0,1,0,0
Barbrey Dustin,Stark,0,0,0,0,0,0,0,0,0,0,0,0,0,0,0,0,1,0,0,0,0,0,0,0,26,0,1,0,0,0,0,1
Barra,None,0,0,0,0,0,0,0,0,0,0,0,0,0,0,0,1,0,0,0,0,0,1,2,39,35,0,0,1,0,0,0,0
Barristan Selmy,Targaryen,0,0,0,0,0,0,0,0,0,0,0,0,0,0,0,0,0,1,0,0,0,0,0,0,15,1,1,1,1,1,0,1
Barsena,None,0,0,0,0,0,0,0,0,0,0,0,0,0,0,0,1,0,0,0,0,0,1,5,52,11,0,0,0,0,0,0,1
Barth (brewer),House Stark,0,0,0,0,0,0,0,0,1,0,0,0,0,0,0,0,0,0,0,0,0,0,0,0,50,1,0,0,1,0,0,0
Bass,Night s Watch,0,0,0,0,0,0,0,0,0,0,0,0,0,0,1,0,0,0,0,0,0,0,0,0,52,1,0,1,0,0,0,0
Bayard Norcross,Tyrell,0,0,0,0,0,0,0,0,0,0,0,0,0,0,0,0,0,0,0,1,0,0,0,0,28,1,1,0,0,0,1,0
Bearded Ben,Night s Watch,0,0,0,0,0,0,0,0,0,0,0,0,0,0,1,0,0,0,0,0,0,0,0,0,0,1,0,0,0,0,1,0
Becca,House Arryn,0,0,0,1,0,0,0,0,0,0,0,0,0,0,0,0,0,0,0,0,0,0,0,0,12,0,0,1,0,0,0,0
Becca the Baker,None,0,0,0,0,0,0,0,0,0,0,0,0,0,0,0,1,0,0,0,0,0,1,3,34,34,0,0,0,0,1,0,0
Bedwyck,Night s Watch,0,0,0,0,0,0,0,0,0,0,0,0,0,0,1,0,0,0,0,0,0,0,0,0,13,1,0,0,1,1,0,1
Belaquo,None,0,0,0,0,0,0,0,0,0,0,0,0,0,0,0,1,0,0,0,0,0,0,0,0,52,1,0,0,0,0,0,1
Bella,None,0,0,0,0,0,0,0,0,0,0,0,0,0,0,0,1,0,0,0,0,0,0,0,0,29,0,0,0,0,1,0,0
Bellegere Otherys (courtesan),None,0,0,0,0,0,0,0,0,0,0,0,0,0,0,0,1,0,0,0,0,0,0,0,0,34,0,1,0,0,0,1,0
Bellonara Otherys,None,0,0,0,0,0,0,0,0,0,0,0,0,0,0,0,1,0,0,0,0,0,0,0,0,34,0,1,0,0,0,1,0
Belwas,House Targaryen,0,0,0,0,0,0,0,0,0,1,0,0,0,0,0,0,0,0,0,0,0,0,0,0,63,1,0,0,1,1,0,1
Ben,None,0,0,0,0,0,0,0,0,0,0,0,0,0,0,0,1,0,0,0,0,0,0,0,0,37,1,0,0,0,0,1,0
Ben Bones,None,0,0,0,0,0,0,0,0,0,0,0,0,0,0,0,1,0,0,0,0,0,0,0,0,12,1,0,0,0,0,0,1
Ben Plumm,None,0,0,0,0,0,0,0,0,0,0,0,0,0,0,0,1,0,0,0,0,0,0,0,0,57,1,0,0,0,1,0,1
Benedar Belmore,Arryn,1,0,0,0,0,0,0,0,0,0,0,0,0,0,0,0,0,0,0,0,0,0,0,0,23,1,1,0,0,0,1,0
Benfred Tallhart,Stark,0,0,0,0,0,0,0,0,0,0,0,0,0,0,0,0,1,0,0,0,0,1,2,37,16,1,1,0,1,0,0,0
Benfrey Frey,None,0,0,0,0,0,0,0,0,0,0,0,0,0,0,0,1,0,0,0,0,0,1,5,51,51,1,1,0,0,1,0,0
Benjen Stark,Night s Watch,0,0,0,0,0,0,0,0,0,0,0,0,0,0,1,0,0,0,0,0,0,1,1,24,5,1,1,1,0,0,0,0
Bennet,None,0,0,0,0,0,0,0,0,0,0,0,0,0,0,0,1,0,0,0,0,0,1,4,31,31,1,0,0,0,0,1,0
Beric Dondarrion,None,0,0,0,0,0,0,0,0,0,0,0,0,0,0,0,1,0,0,0,0,0,1,4,27,42,1,1,1,0,1,0,0
Bessa (Winterfell),Stark,0,0,0,0,0,0,0,0,0,0,0,0,0,0,0,0,1,0,0,0,0,0,0,0,37,0,0,1,0,0,0,0
Beth Cassel,Stark,0,0,0,0,0,0,0,0,0,0,0,0,0,0,0,0,1,0,0,0,0,0,0,0,7,0,1,1,1,0,0,0
Bhakaz zo Loraq,None,0,0,0,0,0,0,0,0,0,0,0,0,0,0,0,1,0,0,0,0,0,0,0,0,2,1,1,0,0,0,0,1
Big Boil,Wildling,0,0,0,0,0,0,0,0,0,0,0,0,0,0,0,0,0,0,0,0,1,0,0,0,41,1,0,0,0,1,0,0
Big Walder Frey,None,0,0,0,0,0,0,0,0,0,0,0,0,0,0,0,1,0,0,0,0,0,0,0,0,0,1,1,1,1,0,0,1
Biter,None,0,0,0,0,0,0,0,0,0,0,0,0,0,0,0,1,0,0,0,0,0,1,4,37,1,1,0,0,1,0,1,0
Black Bernarr,Night s Watch,0,0,0,0,0,0,0,0,0,0,0,0,0,0,1,0,0,0,0,0,0,0,0,0,18,1,0,0,0,1,0,1
Black Walder Frey,None,0,0,0,0,0,0,0,0,0,0,0,0,0,0,0,1,0,0,0,0,0,0,0,0,35,1,1,0,0,1,0,0
Blane,Night s Watch,0,0,0,0,0,0,0,0,0,0,0,0,0,0,1,0,0,0,0,0,0,0,0,0,23,1,0,0,1,0,0,0
Bloodbeard,None,0,0,0,0,0,0,0,0,0,0,0,0,0,0,0,1,0,0,0,0,0,0,0,0,25,1,0,0,0,0,0,1
Blue Bard,House Tyrell,0,0,0,0,0,0,0,0,0,0,0,1,0,0,0,0,0,0,0,0,0,0,0,0,12,1,0,0,0,0,1,0
Bonifer Hasty,Lannister,0,0,0,0,0,0,0,0,0,0,0,0,1,0,0,0,0,0,0,0,0,0,0,0,65,1,1,0,1,0,1,0
Borcas,Night s Watch,0,0,0,0,0,0,0,0,0,0,0,0,0,0,1,0,0,0,0,0,0,0,0,0,48,1,0,1,0,0,0,0
Boremund Harlaw,Greyjoy,0,0,1,0,0,0,0,0,0,0,0,0,0,0,0,0,0,0,0,0,0,0,0,0,11,1,1,0,0,0,1,0
Boros Blount,Baratheon,0,1,0,0,0,0,0,0,0,0,0,0,0,0,0,0,0,0,0,0,0,0,0,0,8,1,1,1,1,1,1,1
Borroq,Wildling,0,0,0,0,0,0,0,0,0,0,0,0,0,0,0,0,0,0,0,0,1,0,0,0,0,1,0,0,0,0,0,1
Bowen Marsh,Night s Watch,0,0,0,0,0,0,0,0,0,0,0,0,0,0,1,0,0,0,0,0,0,0,0,0,21,1,0,1,0,1,0,1
Bran Stark,House Stark,0,0,0,0,0,0,0,0,1,0,0,0,0,0,0,0,0,0,0,0,0,0,0,0,1,1,1,1,1,1,0,1
Brandon Norrey,Stark,0,0,0,0,0,0,0,0,0,0,0,0,0,0,0,0,1,0,0,0,0,0,0,0,49,1,1,0,0,0,0,1
Brenett,None,0,0,0,0,0,0,0,0,0,0,0,0,0,0,0,1,0,0,0,0,0,0,0,0,49,1,0,0,0,1,0,0
Brienne of Tarth,Stark,0,0,0,0,0,0,0,0,0,0,0,0,0,0,0,0,1,0,0,0,0,0,0,0,22,0,1,0,1,1,1,1
Bronn,Lannister,0,0,0,0,0,0,0,0,0,0,0,0,1,0,0,0,0,0,0,0,0,0,0,0,28,1,1,1,1,1,0,0
Brown Bernarr,Night s Watch,0,0,0,0,0,0,0,0,0,0,0,0,0,0,1,0,0,0,0,0,0,1,3,33,23,1,0,0,1,1,0,0
Brusco,None,0,0,0,0,0,0,0,0,0,0,0,0,0,0,0,1,0,0,0,0,0,0,0,0,22,1,0,0,0,0,1,1
Bryan Fossoway,Baratheon,0,1,0,0,0,0,0,0,0,0,0,0,0,0,0,0,0,0,0,0,0,1,2,62,42,1,1,1,1,0,0,0
Bryce Caron,Baratheon,0,1,0,0,0,0,0,0,0,0,0,0,0,0,0,0,0,0,0,0,0,1,2,65,29,1,1,1,1,0,0,0
Bryen,None,0,0,0,0,0,0,0,0,0,0,0,0,0,0,0,1,0,0,0,0,0,0,0,0,68,1,0,0,0,1,0,0
Bryen Farring,Baratheon,0,1,0,0,0,0,0,0,0,0,0,0,0,0,0,0,0,0,0,0,0,1,5,62,10,1,1,0,1,0,0,1
Brynden Rivers,House Targaryen,0,0,0,0,0,0,0,0,0,1,0,0,0,0,0,0,0,0,0,0,0,0,0,0,34,1,1,0,0,0,0,1
Brynden Tully,House Tully,0,0,0,0,0,0,0,0,0,0,1,0,0,0,0,0,0,0,0,0,0,0,0,0,2,1,1,1,1,1,1,0
Burton Crakehall,Lannister,0,0,0,0,0,0,0,0,0,0,0,0,1,0,0,0,0,0,0,0,0,1,2,7,55,1,1,1,1,0,0,0
Butterbumps,House Tyrell,0,0,0,0,0,0,0,0,0,0,0,1,0,0,0,0,0,0,0,0,0,0,0,0,6,1,0,0,0,1,0,0
Byam Flint,Night s Watch,0,0,0,0,0,0,0,0,0,0,0,0,0,0,1,0,0,0,0,0,0,1,3,33,33,1,0,0,0,1,0,0
Byan Votyris,None,0,0,0,0,0,0,0,0,0,0,0,0,0,0,0,1,0,0,0,0,0,0,0,0,54,1,0,1,0,0,0,0
Byron,Arryn,1,0,0,0,0,0,0,0,0,0,0,0,0,0,0,0,0,0,0,0,0,0,0,0,41,1,0,0,0,0,1,0
Cadwyn,House Lannister,0,0,0,0,0,0,1,0,0,0,0,0,0,0,0,0,0,0,0,0,0,0,0,0,47,1,0,0,1,0,0,0
Caleotte,House Martell,0,0,0,0,0,0,0,1,0,0,0,0,0,0,0,0,0,0,0,0,0,0,0,0,2,1,0,0,0,0,1,1
Catelyn Tully,House Stark,0,0,0,0,0,0,0,0,1,0,0,0,0,0,0,0,0,0,0,0,0,1,3,51,2,0,1,1,1,1,0,0
Cayn,House Stark,0,0,0,0,0,0,0,0,1,0,0,0,0,0,0,0,0,0,0,0,0,1,1,49,4,1,0,1,0,0,0,0
Cellador,Night s Watch,0,0,0,0,0,0,0,0,0,0,0,0,0,0,1,0,0,0,0,0,0,0,0,0,48,1,0,1,0,1,0,1
Cersei Frey,None,0,0,0,0,0,0,0,0,0,0,0,0,0,0,0,1,0,0,0,0,0,0,0,0,49,0,1,0,0,1,0,0
Cersei Lannister,House Lannister,0,0,0,0,0,0,1,0,0,0,0,0,0,0,0,0,0,0,0,0,0,0,0,0,4,0,1,1,1,1,1,1
Chataya,None,0,0,0,0,0,0,0,0,0,0,0,0,0,0,0,1,0,0,0,0,0,0,0,0,15,0,0,0,1,0,0,0
Chayle,Stark,0,0,0,0,0,0,0,0,0,0,0,0,0,0,0,0,1,0,0,0,0,1,2,50,9,1,0,1,1,0,0,0
Chella,Lannister,0,0,0,0,0,0,0,0,0,0,0,0,1,0,0,0,0,0,0,0,0,0,0,0,56,0,0,1,1,1,0,0
Chett,Night s Watch,0,0,0,0,0,0,0,0,0,0,0,0,0,0,1,0,0,0,0,0,0,1,3,46,41,1,0,1,1,1,0,0
Chiggen,Lannister,0,0,0,0,0,0,0,0,0,0,0,0,1,0,0,0,0,0,0,0,0,1,1,42,31,1,0,1,0,0,0,0
Chiswyck,None,0,0,0,0,0,0,0,0,0,0,0,0,0,0,0,1,0,0,0,0,0,1,2,30,26,1,0,0,1,0,0,0
Clayton Suggs,Baratheon,0,1,0,0,0,0,0,0,0,0,0,0,0,0,0,0,0,0,0,0,0,0,0,0,17,1,0,0,0,0,0,1
Clement Piper,Tully,0,0,0,0,0,0,0,0,0,0,0,0,0,0,0,0,0,0,1,0,0,0,0,0,38,1,1,0,0,0,1,0
Cleos Frey,None,0,0,0,0,0,0,0,0,0,0,0,0,0,0,0,1,0,0,0,0,0,1,3,21,7,1,1,0,1,1,0,0
Cley Cerwyn,Stark,0,0,0,0,0,0,0,0,0,0,0,0,0,0,0,0,1,0,0,0,0,1,2,66,16,1,1,0,1,0,0,0
Clubfoot Karl,Night s Watch,0,0,0,0,0,0,0,0,0,0,0,0,0,0,1,0,0,0,0,0,0,1,5,4,0,1,0,0,0,1,0,1
Clydas,Night s Watch,0,0,0,0,0,0,0,0,0,0,0,0,0,0,1,0,0,0,0,0,0,0,0,0,41,1,0,1,0,1,1,1
Cohollo,None,0,0,0,0,0,0,0,0,0,0,0,0,0,0,0,1,0,0,0,0,0,1,1,64,11,1,0,1,0,0,0,0
Coldhands,None,0,0,0,0,0,0,0,0,0,0,0,0,0,0,0,1,0,0,0,0,0,0,0,0,46,1,0,0,0,1,0,1
Colemon,House Arryn,0,0,0,1,0,0,0,0,0,0,0,0,0,0,0,0,0,0,0,0,0,0,0,0,34,1,0,1,0,1,1,0
Colen of Greenpools,House Baratheon,0,0,0,0,1,0,0,0,0,0,0,0,0,0,0,0,0,0,0,0,0,0,0,0,22,1,1,0,1,0,0,0
Conn,Lannister,0,0,0,0,0,0,0,0,0,0,0,0,1,0,0,0,0,0,0,0,0,1,1,62,42,1,0,1,0,0,0,0
Conwy,Night s Watch,0,0,0,0,0,0,0,0,0,0,0,0,0,0,1,0,0,0,0,0,0,0,0,0,6,1,0,0,1,0,0,0
Corliss Penny,Baratheon,0,1,0,0,0,0,0,0,0,0,0,0,0,0,0,0,0,0,0,0,0,0,0,0,26,1,0,0,0,0,0,1
Cortnay Penrose,Baratheon,0,1,0,0,0,0,0,0,0,0,0,0,0,0,0,0,0,0,0,0,0,1,2,42,31,1,1,0,1,0,0,0
Cotter Pyke,Night s Watch,0,0,0,0,0,0,0,0,0,0,0,0,0,0,1,0,0,0,0,0,0,0,0,0,48,1,0,0,0,1,0,0
Cragorn,House Greyjoy,0,0,0,0,0,1,0,0,0,0,0,0,0,0,0,0,0,0,0,0,0,1,4,29,19,1,0,0,0,0,1,0
Craster,None,0,0,0,0,0,0,0,0,0,0,0,0,0,0,0,1,0,0,0,0,0,1,3,33,23,1,0,0,1,1,0,0
Cregan Karstark,Stark,0,0,0,0,0,0,0,0,0,0,0,0,0,0,0,0,1,0,0,0,0,0,0,0,44,1,1,0,0,0,0,1
Creighton Longbough,None,0,0,0,0,0,0,0,0,0,0,0,0,0,0,0,1,0,0,0,0,0,0,0,0,4,1,0,0,0,0,1,0
Cressen,Baratheon,0,1,0,0,0,0,0,0,0,0,0,0,0,0,0,0,0,0,0,0,0,1,1,0,0,1,0,0,1,0,0,0
Cuger,Night s Watch,0,0,0,0,0,0,0,0,0,0,0,0,0,0,1,0,0,0,0,0,0,0,0,0,0,1,0,1,0,0,0,0
Cutjack,None,0,0,0,0,0,0,0,0,0,0,0,0,0,0,0,1,0,0,0,0,0,0,0,0,5,1,0,0,1,0,0,0
Daario Naharis,Targaryen,0,0,0,0,0,0,0,0,0,0,0,0,0,0,0,0,0,1,0,0,0,0,0,0,42,1,0,0,0,1,0,1
Dacey Mormont,Stark,0,0,0,0,0,0,0,0,0,0,0,0,0,0,0,0,1,0,0,0,0,1,3,51,63,0,1,1,0,1,0,0
Daemon Sand,Martell,0,0,0,0,0,0,0,0,0,0,0,0,0,1,0,0,0,0,0,0,0,0,0,0,38,1,0,0,0,1,0,1
Daenerys Targaryen,House Targaryen,0,0,0,0,0,0,0,0,0,1,0,0,0,0,0,0,0,0,0,0,0,0,0,0,3,0,1,1,1,1,0,1
Dagon Codd,Greyjoy,0,0,1,0,0,0,0,0,0,0,0,0,0,0,0,0,0,0,0,0,0,1,5,20,20,1,1,0,0,0,0,1
Dagmer,House Greyjoy,0,0,0,0,0,1,0,0,0,0,0,0,0,0,0,0,0,0,0,0,0,0,0,0,11,1,0,0,1,0,0,0
Dalbridge,Night s Watch,0,0,0,0,0,0,0,0,0,0,0,0,0,0,1,0,0,0,0,0,0,1,2,53,43,1,0,0,1,0,0,0
Dale Seaworth,Baratheon,0,1,0,0,0,0,0,0,0,0,0,0,0,0,0,0,0,0,0,0,0,1,2,58,10,1,1,0,1,0,0,0
Dalla,Wildling,0,0,0,0,0,0,0,0,0,0,0,0,0,0,0,0,0,0,0,0,1,1,3,76,73,0,1,0,0,1,0,0
Dalla (Dragonstone),Baratheon,0,1,0,0,0,0,0,0,0,0,0,0,0,0,0,0,0,0,0,0,0,0,0,0,0,0,0,0,1,0,0,0
Damon Dance-for-Me,None,0,0,0,0,0,0,0,0,0,0,0,0,0,0,0,1,0,0,0,0,0,0,0,0,12,1,0,0,0,0,0,1
Damon Vypren,None,0,0,0,0,0,0,0,0,0,0,0,0,0,0,0,1,0,0,0,0,0,0,0,0,49,1,1,0,0,1,0,0
Dancy,None,0,0,0,0,0,0,0,0,0,0,0,0,0,0,0,1,0,0,0,0,0,0,0,0,29,0,0,0,1,0,0,0
Danwell Frey,None,0,0,0,0,0,0,0,0,0,0,0,0,0,0,0,1,0,0,0,0,0,0,0,0,59,1,1,1,1,1,1,0
Dareon,Night s Watch,0,0,0,0,0,0,0,0,0,0,0,0,0,0,1,0,0,0,0,0,0,1,4,34,19,1,0,1,0,0,1,0
Daryn Hornwood,Stark,0,0,0,0,0,0,0,0,0,0,0,0,0,0,0,0,1,0,0,0,0,1,1,63,63,1,1,1,0,0,0,0
Daven Lannister,House Lannister,0,0,0,0,0,0,1,0,0,0,0,0,0,0,0,0,0,0,0,0,0,0,0,0,12,1,1,0,0,0,1,0
Davos Seaworth,Baratheon,0,1,0,0,0,0,0,0,0,0,0,0,0,0,0,0,0,0,0,0,0,0,0,0,0,1,1,0,1,1,0,1
Del,Wildling,0,0,0,0,0,0,0,0,0,0,0,0,0,0,0,0,0,0,0,0,1,1,3,41,41,1,0,0,0,1,0,0
Delp,House Tully,0,0,0,0,0,0,0,0,0,0,1,0,0,0,0,0,0,0,0,0,0,1,3,20,39,1,0,0,1,1,0,0
Denys Drumm,Greyjoy,0,0,1,0,0,0,0,0,0,0,0,0,0,0,0,0,0,0,0,0,0,0,0,0,19,1,1,0,0,0,1,0
Denys Mallister,Night s Watch,0,0,0,0,0,0,0,0,0,0,0,0,0,0,1,0,0,0,0,0,0,0,0,0,48,1,1,0,0,1,0,0
Dermot,Baratheon,0,1,0,0,0,0,0,0,0,0,0,0,0,0,0,0,0,0,0,0,0,0,0,0,65,1,0,0,1,0,1,0
Desmond,House Stark,0,0,0,0,0,0,0,0,1,0,0,0,0,0,0,0,0,0,0,0,0,1,1,50,1,1,0,1,0,0,0,0
Desmond Grell,Tully,0,0,0,0,0,0,0,0,0,0,0,0,0,0,0,0,0,0,1,0,0,0,0,0,7,1,1,0,1,1,1,0
Devan Seaworth,Baratheon,0,1,0,0,0,0,0,0,0,0,0,0,0,0,0,0,0,0,0,0,0,0,0,0,10,1,1,0,1,1,0,1
Deziel Dalt,Martell,0,0,0,0,0,0,0,0,0,0,0,0,0,1,0,0,0,0,0,0,0,0,0,0,38,1,1,0,0,1,0,1
Dhazzar,None,0,0,0,0,0,0,0,0,0,0,0,0,0,0,0,1,0,0,0,0,0,0,0,0,2,1,1,0,0,0,0,1
Dick Crabb,None,0,0,0,0,0,0,0,0,0,0,0,0,0,0,0,1,0,0,0,0,0,1,4,20,9,1,0,0,0,0,1,0
Dick Follard,Night s Watch,0,0,0,0,0,0,0,0,0,0,0,0,0,0,1,0,0,0,0,0,0,1,3,55,41,1,0,0,0,1,0,0
Dickon Manwoody,Martell,0,0,0,0,0,0,0,0,0,0,0,0,0,1,0,0,0,0,0,0,0,0,0,0,38,1,1,0,0,1,0,0
Dirk,Night s Watch,0,0,0,0,0,0,0,0,0,0,0,0,0,0,1,0,0,0,0,0,0,1,5,4,0,1,0,0,0,1,0,1
Dobber,None,0,0,0,0,0,0,0,0,0,0,0,0,0,0,0,1,0,0,0,0,0,1,2,14,5,1,0,0,1,0,0,0
Donal Noye,Night s Watch,0,0,0,0,0,0,0,0,0,0,0,0,0,0,1,0,0,0,0,0,0,1,3,64,19,1,0,1,1,1,0,0
Donella Hornwood,Stark,0,0,0,0,0,0,0,0,0,0,0,0,0,0,0,0,1,0,0,0,0,1,2,35,16,0,1,0,1,0,0,0
Donnel Drumm,Greyjoy,0,0,1,0,0,0,0,0,0,0,0,0,0,0,0,0,0,0,0,0,0,0,0,0,19,1,1,0,0,0,1,0
Donnel Haigh,None,0,0,0,0,0,0,0,0,0,0,0,0,0,0,0,1,0,0,0,0,0,0,0,0,49,1,1,0,0,1,0,0
Donnel Hill,Night s Watch,0,0,0,0,0,0,0,0,0,0,0,0,0,0,1,0,0,0,0,0,0,0,0,0,0,1,0,0,0,1,0,1
Donnel Locke,Stark,0,0,0,0,0,0,0,0,0,0,0,0,0,0,0,0,1,0,0,0,0,1,3,51,25,1,1,0,1,1,0,0
Donnel Waynwood,Tully,0,0,0,0,0,0,0,0,0,0,0,0,0,0,0,0,0,0,1,0,0,0,0,0,34,1,1,1,0,0,0,0
Donnis,House Stark,0,0,0,0,0,0,0,0,1,0,0,0,0,0,0,0,0,0,0,0,0,0,0,0,7,1,0,1,0,0,0,0
Dontos Hollard,None,0,0,0,0,0,0,0,0,0,0,0,0,0,0,0,1,0,0,0,0,0,1,3,61,57,1,1,1,1,1,0,0
Donyse,None,0,0,0,0,0,0,0,0,0,0,0,0,0,0,0,1,0,0,0,0,0,0,0,0,72,0,0,0,0,1,0,0
Doran Martell,Martell,0,0,0,0,0,0,0,0,0,0,0,0,0,1,0,0,0,0,0,0,0,0,0,0,2,1,1,0,0,0,1,1
Doreah,House Targaryen,0,0,0,0,0,0,0,0,0,1,0,0,0,0,0,0,0,0,0,0,0,1,2,12,11,0,0,1,1,0,0,0
Dornish Dilly,Night s Watch,0,0,0,0,0,0,0,0,0,0,0,0,0,0,1,0,0,0,0,0,0,1,3,55,55,1,0,0,0,1,0,0
Draqaz,None,0,0,0,0,0,0,0,0,0,0,0,0,0,0,0,1,0,0,0,0,0,0,0,0,2,1,1,0,0,0,0,1
Drennan,House Greyjoy,0,0,0,0,0,1,0,0,0,0,0,0,0,0,0,0,0,0,0,0,0,1,2,50,50,1,0,0,1,0,0,0
Drogo,Targaryen,0,0,0,0,0,0,0,0,0,0,0,0,0,0,0,0,0,1,0,0,0,1,1,64,3,1,1,1,0,0,0,0
Dudley,Stark,0,0,0,0,0,0,0,0,0,0,0,0,0,0,0,0,1,0,0,0,0,1,3,34,34,1,0,0,0,1,0,0
Dunsen,None,0,0,0,0,0,0,0,0,0,0,0,0,0,0,0,1,0,0,0,0,0,0,0,0,26,1,0,0,1,0,0,0
Dunstan Drumm,Greyjoy,0,0,1,0,0,0,0,0,0,0,0,0,0,0,0,0,0,0,0,0,0,0,0,0,19,1,1,0,0,0,1,0
Duram Bar Emmon,Baratheon,0,1,0,0,0,0,0,0,0,0,0,0,0,0,0,0,0,0,0,0,0,0,0,0,0,1,1,0,1,0,0,0
Dykk Harlaw,Greyjoy,0,0,1,0,0,0,0,0,0,0,0,0,0,0,0,0,0,0,0,0,0,1,2,66,66,1,0,0,1,0,0,0
Dywen,Night s Watch,0,0,0,0,0,0,0,0,0,0,0,0,0,0,1,0,0,0,0,0,0,0,0,0,48,1,0,1,1,1,0,1
Easy,Night s Watch,0,0,0,0,0,0,0,0,0,0,0,0,0,0,1,0,0,0,0,0,0,1,3,55,55,1,0,0,0,1,0,0
Ebben,Night s Watch,0,0,0,0,0,0,0,0,0,0,0,0,0,0,1,0,0,0,0,0,0,1,2,68,43,1,0,0,1,0,0,0
Eddard Karstark,Stark,0,0,0,0,0,0,0,0,0,0,0,0,0,0,0,0,1,0,0,0,0,1,1,63,53,1,1,1,0,0,0,0
Eddard Stark,House Stark,0,0,0,0,0,0,0,0,1,0,0,0,0,0,0,0,0,0,0,0,0,1,1,65,1,1,1,1,0,0,0,0
Eddison Tollett,Night s Watch,0,0,0,0,0,0,0,0,0,0,0,0,0,0,1,0,0,0,0,0,0,0,0,0,13,1,0,0,1,1,1,1
Edmure Tully,House Tully,0,0,0,0,0,0,0,0,0,0,1,0,0,0,0,0,0,0,0,0,0,0,0,0,28,1,1,1,1,1,1,0
Edric Dayne,None,0,0,0,0,0,0,0,0,0,0,0,0,0,0,0,1,0,0,0,0,0,0,0,0,34,1,1,0,0,1,0,0
Edric Storm,House Baratheon,0,0,0,0,1,0,0,0,0,0,0,0,0,0,0,0,0,0,0,0,0,0,0,0,10,1,0,0,0,1,0,0
Edwyn Frey,None,0,0,0,0,0,0,0,0,0,0,0,0,0,0,0,1,0,0,0,0,0,0,0,0,38,1,1,0,0,1,1,0
Eggon,None,0,0,0,0,0,0,0,0,0,0,0,0,0,0,0,1,0,0,0,0,0,0,0,0,30,1,0,0,1,0,0,0
Elder Brother,None,0,0,0,0,0,0,0,0,0,0,0,0,0,0,0,1,0,0,0,0,0,0,0,0,31,1,0,0,0,0,1,0
Eldred Codd,Greyjoy,0,0,1,0,0,0,0,0,0,0,0,0,0,0,0,0,0,0,0,0,0,0,0,0,18,1,1,0,0,0,1,0
Eleyna Westerling,Stark,0,0,0,0,0,0,0,0,0,0,0,0,0,0,0,0,1,0,0,0,0,0,0,0,45,0,1,0,0,1,1,0
Elinor Tyrell,Tyrell,0,0,0,0,0,0,0,0,0,0,0,0,0,0,0,0,0,0,0,1,0,0,0,0,6,0,1,0,0,1,1,0
Ellaria Sand,Martell,0,0,0,0,0,0,0,0,0,0,0,0,0,1,0,0,0,0,0,0,0,0,0,0,38,0,1,0,0,1,0,1
Elmar Frey,None,0,0,0,0,0,0,0,0,0,0,0,0,0,0,0,1,0,0,0,0,0,0,0,0,59,1,1,1,1,1,0,0
Elyas Willum,Baratheon,0,1,0,0,0,0,0,0,0,0,0,0,0,0,0,0,0,0,0,0,0,0,0,0,22,1,1,0,1,0,0,0
Emmon Cuy,Baratheon,0,1,0,0,0,0,0,0,0,0,0,0,0,0,0,0,0,0,0,0,0,1,2,42,33,1,1,0,1,0,0,0
Emmon Frey,Lannister,0,0,0,0,0,0,0,0,0,0,0,0,1,0,0,0,0,0,0,0,0,0,0,0,29,1,1,1,0,0,1,0
Emmond,Greyjoy,0,0,1,0,0,0,0,0,0,0,0,0,0,0,0,0,0,0,0,0,0,0,0,0,1,1,0,0,0,0,1,0
Emrick,Night s Watch,0,0,0,0,0,0,0,0,0,0,0,0,0,0,1,0,0,0,0,0,0,0,0,0,75,1,0,0,0,1,0,1
Endehar,Greyjoy,0,0,1,0,0,0,0,0,0,0,0,0,0,0,0,0,0,0,0,0,0,0,0,0,56,1,0,0,1,0,0,0
Elwood,House Tully,0,0,0,0,0,0,0,0,0,0,1,0,0,0,0,0,0,0,0,0,0,1,3,20,20,1,0,0,0,1,0,0
Endrew Tarth,Night s Watch,0,0,0,0,0,0,0,0,0,0,0,0,0,0,1,0,0,0,0,0,0,1,3,69,60,1,0,1,0,1,0,0
Enger,House Tully,0,0,0,0,0,0,0,0,0,0,1,0,0,0,0,0,0,0,0,0,0,0,0,0,39,1,0,0,1,0,0,0
Eon Hunter,Arryn,1,0,0,0,0,0,0,0,0,0,0,0,0,0,0,0,0,0,0,0,0,1,3,80,38,1,1,1,0,1,0,0
Erik Ironmaker,Greyjoy,0,0,1,0,0,0,0,0,0,0,0,0,0,0,0,0,0,0,0,0,0,0,0,0,19,1,1,0,0,0,1,0
Ermesande Hayford,None,0,0,0,0,0,0,0,0,0,0,0,0,0,0,0,1,0,0,0,0,0,0,0,0,2,0,1,0,1,1,1,0
Eroeh,Targaryen,0,0,0,0,0,0,0,0,0,0,0,0,0,0,0,0,0,1,0,0,0,1,1,68,61,1,0,1,0,0,0,0
Erreck,None,0,0,0,0,0,0,0,0,0,0,0,0,0,0,0,1,0,0,0,0,0,0,0,0,12,1,0,0,0,1,0,0
Erryk (Guard),House Tyrell,0,0,0,0,0,0,0,0,0,0,0,1,0,0,0,0,0,0,0,0,0,0,0,0,6,1,0,0,0,1,1,0
Esgred,Greyjoy,0,0,1,0,0,0,0,0,0,0,0,0,0,0,0,0,0,0,0,0,0,0,0,0,24,1,0,0,1,0,0,0
Ezzara,Targaryen,0,0,0,0,0,0,0,0,0,0,0,0,0,0,0,0,0,1,0,0,0,0,0,0,30,0,0,0,0,0,0,1
Falia Flowers,Greyjoy,0,0,1,0,0,0,0,0,0,0,0,0,0,0,0,0,0,0,0,0,0,0,0,0,29,0,0,0,0,0,1,0
Falyse Stokeworth,Lannister,0,0,0,0,0,0,0,0,0,0,0,0,1,0,0,0,0,0,0,0,0,1,5,36,2,0,1,0,1,0,1,0
Farlen,House Stark,0,0,0,0,0,0,0,0,1,0,0,0,0,0,0,0,0,0,0,0,0,1,2,56,46,1,0,0,1,0,0,0
Fat Walda Frey,None,0,0,0,0,0,0,0,0,0,0,0,0,0,0,0,1,0,0,0,0,0,0,0,0,37,0,1,0,0,1,0,1
Flement Brax,Lannister,0,0,0,0,0,0,0,0,0,0,0,0,1,0,0,0,0,0,0,0,0,0,0,0,56,1,1,1,0,1,1,0
Fletcher Will,None,0,0,0,0,0,0,0,0,0,0,0,0,0,0,0,1,0,0,0,0,0,1,3,34,34,1,0,0,0,1,0,0
Fogo,None,0,0,0,0,0,0,0,0,0,0,0,0,0,0,0,1,0,0,0,0,0,1,1,61,46,1,1,1,0,0,0,0
Forley Prester,Lannister,0,0,0,0,0,0,0,0,0,0,0,0,1,0,0,0,0,0,0,0,0,0,0,0,33,1,1,0,0,0,1,0
Fornio,Night s Watch,0,0,0,0,0,0,0,0,0,0,0,0,0,0,1,0,0,0,0,0,0,0,0,0,33,1,0,0,0,1,0,0
Frenken,Lannister,0,0,0,0,0,0,0,0,0,0,0,0,1,0,0,0,0,0,0,0,0,0,0,0,15,1,0,0,1,1,0,0
Frenya,Wildling,0,0,0,0,0,0,0,0,0,0,0,0,0,0,0,0,0,0,0,0,1,1,5,69,37,0,0,0,0,0,0,1
Frynne,Martell,0,0,0,0,0,0,0,0,0,0,0,0,0,1,0,0,0,0,0,0,0,0,0,0,40,0,0,0,0,0,1,0
Gage,House Stark,0,0,0,0,0,0,0,0,1,0,0,0,0,0,0,0,0,0,0,0,0,0,0,0,4,1,1,0,1,0,0,0
Galazza Galare,None,0,0,0,0,0,0,0,0,0,0,0,0,0,0,0,1,0,0,0,0,0,0,0,0,23,0,1,0,0,0,0,1
Galbart Glover,Stark,0,0,0,0,0,0,0,0,0,0,0,0,0,0,0,0,1,0,0,0,0,0,0,0,55,1,1,1,0,1,0,0
Gared,Night s Watch,0,0,0,0,0,0,0,0,0,0,0,0,0,0,1,0,0,0,0,0,0,1,1,1,0,1,0,1,0,0,0,0
Garin (Orphan),Martell,0,0,0,0,0,0,0,0,0,0,0,0,0,1,0,0,0,0,0,0,0,0,0,0,21,1,0,0,0,0,1,0
Gariss,House Stark,0,0,0,0,0,0,0,0,1,0,0,0,0,0,0,0,0,0,0,0,0,0,0,0,50,1,0,0,1,0,0,0
Garlan Tyrell,House Tyrell,0,0,0,0,0,0,0,0,0,0,0,1,0,0,0,0,0,0,0,0,0,0,0,0,62,1,1,0,1,1,1,0
Garrett Paege,Lannister,0,0,0,0,0,0,0,0,0,0,0,0,1,0,0,0,0,0,0,0,0,0,0,0,30,1,1,0,0,0,1,0
Garse Goodbrook,None,0,0,0,0,0,0,0,0,0,0,0,0,0,0,0,1,0,0,0,0,0,1,3,0,0,1,1,0,0,1,0,0
Garth Greyfeather,Night s Watch,0,0,0,0,0,0,0,0,0,0,0,0,0,0,1,0,0,0,0,0,0,1,5,31,48,1,0,0,0,1,0,1
Garth of Greenaway,Night s Watch,0,0,0,0,0,0,0,0,0,0,0,0,0,0,1,0,0,0,0,0,0,1,5,4,33,1,0,0,0,1,0,1
Garth of Oldtown,Night s Watch,0,0,0,0,0,0,0,0,0,0,0,0,0,0,1,0,0,0,0,0,0,1,3,33,33,1,0,0,0,1,0,0
Gawen Westerling,Stark,0,0,0,0,0,0,0,0,0,0,0,0,0,0,0,0,1,0,0,0,0,0,0,0,33,1,1,0,0,0,1,0
Gelmarr,House Greyjoy,0,0,0,0,0,1,0,0,0,0,0,0,0,0,0,0,0,0,0,0,0,1,2,56,50,1,0,0,1,0,0,0
Gendry,None,0,0,0,0,0,0,0,0,0,0,0,0,0,0,0,1,0,0,0,0,0,0,0,0,27,1,0,1,1,1,1,0
Genna Lannister,Lannister,0,0,0,0,0,0,0,0,0,0,0,0,1,0,0,0,0,0,0,0,0,0,0,0,33,0,1,0,0,0,1,0
Gerald Gower,Baratheon,0,1,0,0,0,0,0,0,0,0,0,0,0,0,0,0,0,0,0,0,0,0,0,0,54,1,1,0,0,1,0,0
Gerold Dayne,Martell,0,0,0,0,0,0,0,0,0,0,0,0,0,1,0,0,0,0,0,0,0,0,0,0,13,1,1,0,0,0,1,0
Gerren,None,0,0,0,0,0,0,0,0,0,0,0,0,0,0,0,1,0,0,0,0,0,1,2,19,14,1,0,0,1,0,0,0
Gerris Drinkwater,Martell,0,0,0,0,0,0,0,0,0,0,0,0,0,1,0,0,0,0,0,0,0,0,0,0,6,1,1,0,0,0,0,1
Gevin Harlaw,Greyjoy,0,0,1,0,0,0,0,0,0,0,0,0,0,0,0,0,0,0,0,0,0,1,2,66,37,1,1,0,1,0,0,0
Ghael,None,0,0,0,0,0,0,0,0,0,0,0,0,0,0,0,1,0,0,0,0,0,0,0,0,71,1,0,0,0,1,0,1
Ghost of High Heart,None,0,0,0,0,0,0,0,0,0,0,0,0,0,0,0,1,0,0,0,0,0,0,0,0,22,0,0,0,0,1,0,0
Gillam,None,0,0,0,0,0,0,0,0,0,0,0,0,0,0,0,1,0,0,0,0,0,0,0,0,31,1,0,0,0,0,1,0
Gilly,Wildling,0,0,0,0,0,0,0,0,0,0,0,0,0,0,0,0,0,0,0,0,1,0,0,0,23,0,0,0,1,1,1,1
Gilwood Hunter,Arryn,1,0,0,0,0,0,0,0,0,0,0,0,0,0,0,0,0,0,0,0,0,0,0,0,80,1,1,0,0,1,0,0
Gladden Wylde,Stark,0,0,0,0,0,0,0,0,0,0,0,0,0,0,0,0,1,0,0,0,0,1,1,55,43,1,1,1,0,0,0,0
Glendon Hewett,Night s Watch,0,0,0,0,0,0,0,0,0,0,0,0,0,0,1,0,0,0,0,0,0,0,0,0,69,1,0,0,0,1,0,0
Goady,Night s Watch,0,0,0,0,0,0,0,0,0,0,0,0,0,0,1,0,0,0,0,0,0,0,0,0,0,1,0,0,0,1,0,0
Godric Borrell,None,0,0,0,0,0,0,0,0,0,0,0,0,0,0,0,1,0,0,0,0,0,0,0,0,9,1,1,0,0,0,0,1
Godry Farring,Baratheon,0,1,0,0,0,0,0,0,0,0,0,0,0,0,0,0,0,0,0,0,0,0,0,0,3,1,1,0,0,0,0,1
Godwyn,House Lannister,0,0,0,0,0,0,1,0,0,0,0,0,0,0,0,0,0,0,0,0,0,0,0,0,32,1,0,1,0,0,0,0
Goghor,None,0,0,0,0,0,0,0,0,0,0,0,0,0,0,0,1,0,0,0,0,0,0,0,0,52,1,0,0,0,0,0,1
Gormond Goodbrother,Greyjoy,0,0,1,0,0,0,0,0,0,0,0,0,0,0,0,0,0,0,0,0,0,0,0,0,1,1,1,0,0,0,1,0
Gorold Goodbrother,Greyjoy,0,0,1,0,0,0,0,0,0,0,0,0,0,0,0,0,0,0,0,0,0,0,0,0,1,1,1,0,0,0,1,0
Gran Goodbrother,Greyjoy,0,0,1,0,0,0,0,0,0,0,0,0,0,0,0,0,0,0,0,0,0,0,0,0,1,1,1,0,0,0,1,0
Grazdan,None,0,0,0,0,0,0,0,0,0,0,0,0,0,0,0,1,0,0,0,0,0,1,3,27,27,1,1,0,0,1,0,0
Grazdan mo Eraz,None,0,0,0,0,0,0,0,0,0,0,0,0,0,0,0,1,0,0,0,0,0,0,0,0,42,1,1,0,0,1,0,0
Grazdan mo Ullhor,None,0,0,0,0,0,0,0,0,0,0,0,0,0,0,0,1,0,0,0,0,0,1,3,27,27,1,1,0,0,1,0,0
Grazdan zo Galare,None,0,0,0,0,0,0,0,0,0,0,0,0,0,0,0,1,0,0,0,0,0,0,0,0,2,1,1,0,0,0,0,1
Grazdar zo Galare,None,0,0,0,0,0,0,0,0,0,0,0,0,0,0,0,1,0,0,0,0,0,0,0,0,2,1,1,0,0,0,0,1
Gregor Clegane,Lannister,0,0,0,0,0,0,0,0,0,0,0,0,1,0,0,0,0,0,0,0,0,1,4,72,29,1,1,1,1,1,0,0
Grenn,Night s Watch,0,0,0,0,0,0,0,0,0,0,0,0,0,0,1,0,0,0,0,0,0,0,0,0,19,1,0,1,1,1,1,1
Grey Worm,Targaryen,0,0,0,0,0,0,0,0,0,0,0,0,0,0,0,0,0,1,0,0,0,0,0,0,42,1,0,0,0,1,0,1
Greydon Goodbrother,Greyjoy,0,0,1,0,0,0,0,0,0,0,0,0,0,0,0,0,0,0,0,0,0,0,0,0,1,1,1,0,0,0,1,0
Grigg,Wildling,0,0,0,0,0,0,0,0,0,0,0,0,0,0,0,0,0,0,0,0,1,0,0,0,30,1,0,0,0,1,0,0
Grisel,None,0,0,0,0,0,0,0,0,0,0,0,0,0,0,0,1,0,0,0,0,0,0,0,0,68,0,0,0,0,1,0,0
Groleo,House Targaryen,0,0,0,0,0,0,0,0,0,1,0,0,0,0,0,0,0,0,0,0,0,1,5,59,0,1,0,0,0,1,0,1
Grubbs,Night s Watch,0,0,0,0,0,0,0,0,0,0,0,0,0,0,1,0,0,0,0,0,0,1,5,4,0,1,0,0,0,1,0,1
Grunt,None,0,0,0,0,0,0,0,0,0,0,0,0,0,0,0,1,0,0,0,0,0,0,0,0,12,1,0,0,0,0,0,1
Gueren,Night s Watch,0,0,0,0,0,0,0,0,0,0,0,0,0,0,1,0,0,0,0,0,0,0,0,0,38,1,0,1,0,0,0,0
Guncer Sunglass,Baratheon,0,1,0,0,0,0,0,0,0,0,0,0,0,0,0,0,0,0,0,0,0,1,3,10,0,1,1,0,1,1,0,0
Guyard Morrigen,Baratheon,0,1,0,0,0,0,0,0,0,0,0,0,0,0,0,0,0,0,0,0,0,1,2,62,22,1,1,0,1,0,0,0
Gwin Goodbrother,Greyjoy,0,0,1,0,0,0,0,0,0,0,0,0,0,0,0,0,0,0,0,0,0,0,0,0,1,0,1,0,0,0,1,0
Gylbert Farwynd,Greyjoy,0,0,1,0,0,0,0,0,0,0,0,0,0,0,0,0,0,0,0,0,0,0,0,0,19,1,1,0,0,0,1,0
Gyles Farwynd,Greyjoy,0,0,1,0,0,0,0,0,0,0,0,0,0,0,0,0,0,0,0,0,0,0,0,0,19,1,1,0,0,0,1,0
Gyles Grafton,Arryn,1,0,0,0,0,0,0,0,0,0,0,0,0,0,0,0,0,0,0,0,0,0,0,0,41,1,1,0,0,0,1,0
Gyles Rosby,Lannister,0,0,0,0,0,0,0,0,0,0,0,0,1,0,0,0,0,0,0,0,0,1,4,39,57,1,1,1,1,1,1,0
Gynir,House Greyjoy,0,0,0,0,0,1,0,0,0,0,0,0,0,0,0,0,0,0,0,0,0,1,2,56,50,1,0,0,1,0,0,0
Gysella Goodbrother,Greyjoy,0,0,1,0,0,0,0,0,0,0,0,0,0,0,0,0,0,0,0,0,0,0,0,0,1,0,1,0,0,0,1,0
Haggo,None,0,0,0,0,0,0,0,0,0,0,0,0,0,0,0,1,0,0,0,0,0,1,1,64,11,1,0,1,0,0,0,0
Hairy Hal,Night s Watch,0,0,0,0,0,0,0,0,0,0,0,0,0,0,1,0,0,0,0,0,0,1,5,31,55,1,0,0,0,1,1,1
Hake,Night s Watch,0,0,0,0,0,0,0,0,0,0,0,0,0,0,1,0,0,0,0,0,0,1,3,46,52,1,0,1,1,1,0,0
Halder,Night s Watch,0,0,0,0,0,0,0,0,0,0,0,0,0,0,1,0,0,0,0,0,0,0,0,0,19,1,0,1,0,1,0,0
Haldon,House Targaryen,0,0,0,0,0,0,0,0,0,1,0,0,0,0,0,0,0,0,0,0,0,0,0,0,8,1,0,0,0,0,0,1
Hali,Wildling,0,0,0,0,0,0,0,0,0,0,0,0,0,0,0,0,0,0,0,0,1,1,1,37,37,0,0,1,0,0,0,0
Hallis Mollen,Stark,0,0,0,0,0,0,0,0,0,0,0,0,0,0,0,0,1,0,0,0,0,0,0,0,14,1,1,1,1,0,0,0
Hallyne,Lannister,0,0,0,0,0,0,0,0,0,0,0,0,1,0,0,0,0,0,0,0,0,0,0,0,17,1,0,0,1,0,1,0
Halys Hornwood,Stark,0,0,0,0,0,0,0,0,0,0,0,0,0,0,0,0,1,0,0,0,0,1,1,62,53,1,1,1,0,0,0,0
Hamish the Harper,None,0,0,0,0,0,0,0,0,0,0,0,0,0,0,0,1,0,0,0,0,0,1,5,43,32,1,0,0,0,1,1,0
Hareth (Mole s Town),Night s Watch,0,0,0,0,0,0,0,0,0,0,0,0,0,0,1,0,0,0,0,0,0,0,0,0,64,1,0,0,0,1,0,1
Harghaz,None,0,0,0,0,0,0,0,0,0,0,0,0,0,0,0,1,0,0,0,0,0,1,5,70,52,1,0,0,0,0,0,1
Harma,Wildling,0,0,0,0,0,0,0,0,0,0,0,0,0,0,0,0,0,0,0,0,1,1,3,75,0,0,1,0,0,1,0,0
Harmund Sharp,Greyjoy,0,0,1,0,0,0,0,0,0,0,0,0,0,0,0,0,0,0,0,0,0,0,0,0,19,1,1,0,0,0,1,0
Harmune,Night s Watch,0,0,0,0,0,0,0,0,0,0,0,0,0,0,1,0,0,0,0,0,0,0,0,0,78,1,0,0,0,0,0,1
Harra,None,0,0,0,0,0,0,0,0,0,0,0,0,0,0,0,1,0,0,0,0,0,1,2,64,26,0,0,0,1,0,0,0
Harrag Sharp,Greyjoy,0,0,1,0,0,0,0,0,0,0,0,0,0,0,0,0,0,0,0,0,0,1,5,19,66,1,1,0,1,0,1,0
Harras Harlaw,Greyjoy,0,0,1,0,0,0,0,0,0,0,0,0,0,0,0,0,0,0,0,0,0,0,0,0,11,1,1,0,0,0,1,0
Harwood Fell,House Baratheon,0,0,0,0,1,0,0,0,0,0,0,0,0,0,0,0,0,0,0,0,0,1,5,42,17,1,1,0,0,0,0,1
Hazzea,None,0,0,0,0,0,0,0,0,0,0,0,0,0,0,0,1,0,0,0,0,0,1,5,11,11,0,0,0,0,0,0,1
Harrion Karstark,Stark,0,0,0,0,0,0,0,0,0,0,0,0,0,0,0,0,1,0,0,0,0,0,0,0,53,1,1,1,1,0,0,0
Harry Strickland,None,0,0,0,0,0,0,0,0,0,0,0,0,0,0,0,1,0,0,0,0,0,0,0,0,24,1,0,0,0,0,0,1
Harwin,Stark,0,0,0,0,0,0,0,0,0,0,0,0,0,0,0,0,1,0,0,0,0,0,0,0,1,1,0,1,0,1,1,0
Harwood Stout,Stark,0,0,0,0,0,0,0,0,0,0,0,0,0,0,0,0,1,0,0,0,0,0,0,0,32,1,1,0,0,0,0,1
Harys Haigh,None,0,0,0,0,0,0,0,0,0,0,0,0,0,0,0,1,0,0,0,0,0,0,0,0,64,1,1,0,1,1,0,0
Harys Swyft,Lannister,0,0,0,0,0,0,0,0,0,0,0,0,1,0,0,0,0,0,0,0,0,0,0,0,69,1,1,1,1,1,1,1
Helman Tallhart,Stark,0,0,0,0,0,0,0,0,0,0,0,0,0,0,0,0,1,0,0,0,0,1,3,37,55,1,1,1,0,1,0,0
Henly (Maester),None,0,0,0,0,0,0,0,0,0,0,0,0,0,0,0,1,0,0,0,0,0,0,0,0,37,1,0,0,0,0,0,1
Heward,House Stark,0,0,0,0,0,0,0,0,1,0,0,0,0,0,0,0,0,0,0,0,0,1,1,35,35,1,0,1,0,0,0,0
High Sparrow,None,0,0,0,0,0,0,0,0,0,0,0,0,0,0,0,1,0,0,0,0,0,0,0,0,4,1,0,0,0,0,1,1
Hobb,Night s Watch,0,0,0,0,0,0,0,0,0,0,0,0,0,0,1,0,0,0,0,0,0,0,0,0,52,1,0,1,0,1,0,1
Hobber Redwyne,Tyrell,0,0,0,0,0,0,0,0,0,0,0,0,0,0,0,0,0,0,0,1,0,0,0,0,27,1,1,1,1,1,1,0
Hod,None,0,0,0,0,0,0,0,0,0,0,0,0,0,0,0,1,0,0,0,0,0,0,0,0,5,1,0,0,1,0,0,0
Hodor,House Stark,0,0,0,0,0,0,0,0,1,0,0,0,0,0,0,0,0,0,0,0,0,0,0,0,24,1,0,1,1,1,0,1
Holger,None,0,0,0,0,0,0,0,0,0,0,0,0,0,0,0,1,0,0,0,0,0,0,0,0,49,1,0,0,1,0,0,0
Holly,Wildling,0,0,0,0,0,0,0,0,0,0,0,0,0,0,0,0,0,0,0,0,1,1,5,69,37,0,0,0,0,0,0,1
Hop-Robin,Night s Watch,0,0,0,0,0,0,0,0,0,0,0,0,0,0,1,0,0,0,0,0,0,0,0,0,75,1,0,0,0,1,0,1
Horas Redwyne,Tyrell,0,0,0,0,0,0,0,0,0,0,0,0,0,0,0,0,0,0,0,1,0,0,0,0,27,1,1,1,1,0,1,0
Horton Redfort,Arryn,1,0,0,0,0,0,0,0,0,0,0,0,0,0,0,0,0,0,0,0,0,0,0,0,23,1,1,0,0,0,1,0
Hosteen Frey,None,0,0,0,0,0,0,0,0,0,0,0,0,0,0,0,1,0,0,0,0,0,0,0,0,59,1,1,1,1,1,0,1
Hoster Tully,House Tully,0,0,0,0,0,0,0,0,0,0,1,0,0,0,0,0,0,0,0,0,0,1,3,35,71,1,1,1,1,1,0,0
Hot Pie,None,0,0,0,0,0,0,0,0,0,0,0,0,0,0,0,1,0,0,0,0,0,0,0,0,1,1,0,0,1,1,0,0
Hother Umber,Stark,0,0,0,0,0,0,0,0,0,0,0,0,0,0,0,0,1,0,0,0,0,0,0,0,16,1,1,0,1,0,0,1
Howd Wanderer,Wildling,0,0,0,0,0,0,0,0,0,0,0,0,0,0,0,0,0,0,0,0,1,0,0,0,58,1,1,0,0,0,0,1
Hubard Rambton,Baratheon,0,1,0,0,0,0,0,0,0,0,0,0,0,0,0,0,0,0,0,0,0,1,5,10,10,1,1,0,1,0,0,0
Hugh,House Arryn,0,0,0,1,0,0,0,0,0,0,0,0,0,0,0,0,0,0,0,0,0,1,1,29,25,1,0,1,0,0,0,0
Hugo Vance,Tully,0,0,0,0,0,0,0,0,0,0,0,0,0,0,0,0,0,0,1,0,0,0,0,0,30,1,1,0,0,0,1,0
Hullen,House Stark,0,0,0,0,0,0,0,0,1,0,0,0,0,0,0,0,0,0,0,0,0,1,1,50,1,1,0,1,0,0,0,0
Humfrey Swyft,Lannister,0,0,0,0,0,0,0,0,0,0,0,0,1,0,0,0,0,0,0,0,0,0,0,0,16,1,1,0,0,0,1,0
Husband,None,0,0,0,0,0,0,0,0,0,0,0,0,0,0,0,1,0,0,0,0,0,0,0,0,11,1,0,0,0,1,0,0
Hyle Hunt,None,0,0,0,0,0,0,0,0,0,0,0,0,0,0,0,1,0,0,0,0,0,1,4,42,14,1,1,0,0,0,1,0
Iggo,None,0,0,0,0,0,0,0,0,0,0,0,0,0,0,0,1,0,0,0,0,0,1,3,3,3,1,0,0,0,1,0,0
Illyrio Mopatis,House Targaryen,0,0,0,0,0,0,0,0,0,1,0,0,0,0,0,0,0,0,0,0,0,0,0,0,3,1,1,1,0,0,0,1
Ilyn Payne,Lannister,0,0,0,0,0,0,0,0,0,0,0,0,1,0,0,0,0,0,0,0,0,0,0,0,15,1,1,1,1,1,1,0
Imry Florent,Baratheon,0,1,0,0,0,0,0,0,0,0,0,0,0,0,0,0,0,0,0,0,0,1,3,4,58,1,1,0,1,1,0,0
Iron Emmett,Night s Watch,0,0,0,0,0,0,0,0,0,0,0,0,0,0,1,0,0,0,0,0,0,0,0,0,79,1,0,0,0,1,0,1
Irri,House Targaryen,0,0,0,0,0,0,0,0,0,1,0,0,0,0,0,0,0,0,0,0,0,0,0,0,11,0,0,1,1,1,0,1
Ithoke,None,0,0,0,0,0,0,0,0,0,0,0,0,0,0,0,1,0,0,0,0,0,0,0,0,11,1,0,0,0,0,0,1
Jacelyn Bywater,Lannister,0,0,0,0,0,0,0,0,0,0,0,0,1,0,0,0,0,0,0,0,0,1,2,19,8,0,1,0,1,0,0,0
Jack Bulwer,Night s Watch,0,0,0,0,0,0,0,0,0,0,0,0,0,0,1,0,0,0,0,0,0,1,5,31,64,1,0,0,0,1,1,1
Jack-Be-Lucky,None,0,0,0,0,0,0,0,0,0,0,0,0,0,0,0,1,0,0,0,0,0,0,0,0,17,1,0,0,0,1,1,0
Jacks,House Stark,0,0,0,0,0,0,0,0,1,0,0,0,0,0,0,0,0,0,0,0,0,0,0,0,22,1,0,1,1,0,0,0
Jaggot,None,0,0,0,0,0,0,0,0,0,0,0,0,0,0,0,1,0,0,0,0,0,0,0,0,42,1,0,1,0,0,0,0
Jaime Lannister,Lannister,0,0,0,0,0,0,0,0,0,0,0,0,1,0,0,0,0,0,0,0,0,0,0,0,5,1,1,1,1,1,1,1
Jalabhar Xho,None,0,0,0,0,0,0,0,0,0,0,0,0,0,0,0,1,0,0,0,0,0,0,0,0,29,1,1,1,1,1,1,0
Janna Tyrell,Tyrell,0,0,0,0,0,0,0,0,0,0,0,0,0,0,0,0,0,0,0,1,0,0,0,0,6,0,1,0,0,1,1,0
Janos Slynt,None,0,0,0,0,0,0,0,0,0,0,0,0,0,0,0,1,0,0,0,0,0,1,5,7,27,1,1,1,1,1,0,1
Jaqen H ghar,None,0,0,0,0,0,0,0,0,0,0,0,0,0,0,0,1,0,0,0,0,0,0,0,0,5,1,0,0,1,0,1,0
Jared Frey,None,0,0,0,0,0,0,0,0,0,0,0,0,0,0,0,1,0,0,0,0,0,1,5,37,59,1,1,1,1,0,0,1
Jaremy Rykker,Night s Watch,0,0,0,0,0,0,0,0,0,0,0,0,0,0,1,0,0,0,0,0,0,1,5,60,21,1,1,1,0,0,0,0
Jarl,Wildling,0,0,0,0,0,0,0,0,0,0,0,0,0,0,0,0,0,0,0,0,1,1,3,26,7,1,0,0,0,1,0,0
Jarman Buckwell,Night s Watch,0,0,0,0,0,0,0,0,0,0,0,0,0,0,1,0,0,0,0,0,0,1,5,21,13,1,0,0,1,0,0,1
Jason Mallister,Stark,0,0,0,0,0,0,0,0,0,0,0,0,0,0,0,0,1,0,0,0,0,0,0,0,28,1,1,1,0,1,0,0
Jate,House Lannister,0,0,0,0,0,0,1,0,0,0,0,0,0,0,0,0,0,0,0,0,0,0,4,44,44,1,0,0,0,0,1,0
Jate Blackberry,House Baratheon,0,0,0,0,1,0,0,0,0,0,0,0,0,0,0,0,0,0,0,0,0,0,3,10,10,1,0,0,0,1,0,0
Jeor Mormont,Night s Watch,0,0,0,0,0,0,0,0,0,0,0,0,0,0,1,0,0,0,0,0,0,1,3,33,48,1,1,1,1,1,0,0
Jeren,Night s Watch,0,0,0,0,0,0,0,0,0,0,0,0,0,0,1,0,0,0,0,0,0,0,0,0,19,1,0,1,0,0,0,0
Jeyne Poole,Stark,0,0,0,0,0,0,0,0,0,0,0,0,0,0,0,0,1,0,0,0,0,0,0,0,7,0,1,1,0,1,0,1
Jeyne Westerling,Stark,0,0,0,0,0,0,0,0,0,0,0,0,0,0,0,0,1,0,0,0,0,0,0,0,14,0,1,0,0,1,1,0
Jhaqo,None,0,0,0,0,0,0,0,0,0,0,0,0,0,0,0,1,0,0,0,0,0,0,0,0,68,1,1,1,0,0,0,1
Jhezane,None,0,0,0,0,0,0,0,0,0,0,0,0,0,0,0,1,0,0,0,0,0,0,0,0,2,0,1,0,0,0,0,1
Jhiqui,House Targaryen,0,0,0,0,0,0,0,0,0,1,0,0,0,0,0,0,0,0,0,0,0,0,0,0,11,0,0,1,1,1,0,1
Jhogo,House Targaryen,0,0,0,0,0,0,0,0,0,1,0,0,0,0,0,0,0,0,0,0,0,0,0,0,23,1,0,1,1,1,0,1
Jocelyn Swyft,Lannister,0,0,0,0,0,0,0,0,0,0,0,0,1,0,0,0,0,0,0,0,0,0,0,0,3,0,1,0,0,0,1,1
Jodge,House Lannister,0,0,0,0,0,0,1,0,0,0,0,0,0,0,0,0,0,0,0,0,0,0,0,0,30,1,0,0,1,0,0,0
Jojen Reed,Stark,0,0,0,0,0,0,0,0,0,0,0,0,0,0,0,0,1,0,0,0,0,0,0,0,21,1,1,0,1,1,0,1
Jommy,House Baratheon,0,0,0,0,1,0,0,0,0,0,0,0,0,0,0,0,0,0,0,0,0,0,0,0,0,1,0,0,1,0,0,0
Jon Bettley,Lannister,0,0,0,0,0,0,0,0,0,0,0,0,1,0,0,0,0,0,0,0,0,0,0,0,16,1,1,0,0,0,1,0
Jon Connington,Targaryen,0,0,0,0,0,0,0,0,0,0,0,0,0,0,0,0,0,1,0,0,0,0,0,0,5,1,1,0,0,0,0,1
Jon Fossoway,Baratheon,0,1,0,0,0,0,0,0,0,0,0,0,0,0,0,0,0,0,0,0,0,0,0,0,22,1,1,0,1,0,0,0
Jon Snow,Night s Watch,0,0,0,0,0,0,0,0,0,0,0,0,0,0,1,0,0,0,0,0,0,0,0,0,1,1,1,1,1,1,1,1
Jon Umber (Greatjon),Stark,0,0,0,0,0,0,0,0,0,0,0,0,0,0,0,0,1,0,0,0,0,0,0,0,51,1,1,1,1,1,0,0
Joffrey Baratheon,House Lannister,0,0,0,0,0,0,1,0,0,0,0,0,0,0,0,0,0,0,0,0,0,1,3,60,5,1,1,1,1,1,0,0
Jon Umber (Smalljon),Stark,0,0,0,0,0,0,0,0,0,0,0,0,0,0,0,0,1,0,0,0,0,1,3,51,63,1,1,1,0,1,0,0
Jonelle Cerwyn,Stark,0,0,0,0,0,0,0,0,0,0,0,0,0,0,0,0,1,0,0,0,0,0,0,0,53,0,1,1,0,0,0,0
Jonos Bracken,Tully,0,0,0,0,0,0,0,0,0,0,0,0,0,0,0,0,0,0,1,0,0,0,0,0,28,1,1,1,0,1,0,1
Jorah Mormont,Targaryen,0,0,0,0,0,0,0,0,0,0,0,0,0,0,0,0,0,1,0,0,0,0,0,0,23,1,1,1,1,1,0,1
Jory Cassel,Stark,0,0,0,0,0,0,0,0,0,0,0,0,0,0,0,0,1,0,0,0,0,1,1,35,1,1,1,1,0,0,0,0
Joseran,Greyjoy,0,0,1,0,0,0,0,0,0,0,0,0,0,0,0,0,0,0,0,0,0,0,0,0,11,1,0,0,0,0,1,0
Joseth,House Stark,0,0,0,0,0,0,0,0,1,0,0,0,0,0,0,0,0,0,0,0,0,0,0,0,37,1,0,1,1,0,0,0
Josmyn Peckledon,Lannister,0,0,0,0,0,0,0,0,0,0,0,0,1,0,0,0,0,0,0,0,0,0,0,0,65,1,0,0,1,1,1,1
Joss,None,0,0,0,0,0,0,0,0,0,0,0,0,0,0,0,1,0,0,0,0,0,0,0,0,43,1,0,1,0,0,0,0
Joss Stilwood,Lannister,0,0,0,0,0,0,0,0,0,0,0,0,1,0,0,0,0,0,0,0,0,0,0,0,0,1,0,1,0,0,0,0
Josua Willum,Baratheon,0,1,0,0,0,0,0,0,0,0,0,0,0,0,0,0,0,0,0,0,0,0,0,0,22,1,1,0,1,0,0,0
Jothos Slynt,Lannister,0,0,0,0,0,0,0,0,0,0,0,0,1,0,0,0,0,0,0,0,0,0,0,0,66,1,1,0,0,1,0,0
Joyeuse Erenford,None,0,0,0,0,0,0,0,0,0,0,0,0,0,0,0,1,0,0,0,0,0,0,0,0,28,0,1,1,0,1,0,0
Justin Massey,Baratheon,0,1,0,0,0,0,0,0,0,0,0,0,0,0,0,0,0,0,0,0,0,0,0,0,7,1,1,0,0,0,0,1
Jyck,House Lannister,0,0,0,0,0,0,1,0,0,0,0,0,0,0,0,0,0,0,0,0,0,1,1,31,21,1,0,1,0,0,0,0
Jynessa Blackmont,Martell,0,0,0,0,0,0,0,0,0,0,0,0,0,1,0,0,0,0,0,0,0,0,0,0,38,0,1,0,0,1,0,0
Karyl Vance,Tully,0,0,0,0,0,0,0,0,0,0,0,0,0,0,0,0,0,0,1,0,0,0,0,0,43,1,1,1,0,1,1,0
Kedge Whiteye,Night s Watch,0,0,0,0,0,0,0,0,0,0,0,0,0,0,1,0,0,0,0,0,0,0,0,0,43,1,0,0,1,1,1,0
Kella,None,0,0,0,0,0,0,0,0,0,0,0,0,0,0,0,1,0,0,0,0,0,0,0,0,68,0,0,0,0,1,0,0
Kennos of Kayce,Lannister,0,0,0,0,0,0,0,0,0,0,0,0,1,0,0,0,0,0,0,0,0,0,0,0,6,1,1,0,0,1,1,1
Ketter,Night s Watch,0,0,0,0,0,0,0,0,0,0,0,0,0,0,1,0,0,0,0,0,0,0,0,0,52,1,0,1,0,0,0,0
Kenned,House Greyjoy,0,0,0,0,0,1,0,0,0,0,0,0,0,0,0,0,0,0,0,0,0,1,2,66,66,1,0,0,1,0,0,0
Kerwin,House Tyrell,0,0,0,0,0,0,0,0,0,0,0,1,0,0,0,0,0,0,0,0,0,1,5,56,29,1,0,0,0,0,1,1
Kevan Lannister,House Lannister,0,0,0,0,0,0,1,0,0,0,0,0,0,0,0,0,0,0,0,0,0,1,5,0,56,1,1,1,1,1,1,1
Kezmya,None,0,0,0,0,0,0,0,0,0,0,0,0,0,0,0,1,0,0,0,0,0,0,0,0,2,0,1,0,0,0,0,1
Khorane Sathmantes,None,0,0,0,0,0,0,0,0,0,0,0,0,0,0,0,1,0,0,0,0,0,0,0,0,10,1,0,0,0,1,0,0
Khrazz,None,0,0,0,0,0,0,0,0,0,0,0,0,0,0,0,1,0,0,0,0,0,1,5,67,11,1,0,0,0,0,0,1
Kindly man,None,0,0,0,0,0,0,0,0,0,0,0,0,0,0,0,1,0,0,0,0,0,0,0,0,6,1,0,0,0,0,1,1
Kojja Mo,None,0,0,0,0,0,0,0,0,0,0,0,0,0,0,0,1,0,0,0,0,0,0,0,0,35,0,0,0,0,0,1,0
Koss,Night s Watch,0,0,0,0,0,0,0,0,0,0,0,0,0,0,1,0,0,0,0,0,0,1,2,14,5,1,0,0,1,0,0,0
Kraznys mo Nakloz,None,0,0,0,0,0,0,0,0,0,0,0,0,0,0,0,1,0,0,0,0,0,1,3,27,23,1,1,0,0,1,0,0
Kromm,House Greyjoy,0,0,0,0,0,1,0,0,0,0,0,0,0,0,0,0,0,0,0,0,0,1,2,66,56,1,0,0,1,0,0,0
Kurleket,None,0,0,0,0,0,0,0,0,0,0,0,0,0,0,0,1,0,0,0,0,0,1,1,31,31,1,0,1,0,0,0,0
Kurz,Night s Watch,0,0,0,0,0,0,0,0,0,0,0,0,0,0,1,0,0,0,0,0,0,1,2,19,5,1,0,0,1,0,0,0
Kyle (Banners),None,0,0,0,0,0,0,0,0,0,0,0,0,0,0,0,1,0,0,0,0,0,1,3,39,39,1,0,0,0,1,0,0
Kyra,House Stark,0,0,0,0,0,0,0,0,1,0,0,0,0,0,0,0,0,0,0,0,0,1,5,12,37,0,0,1,1,0,0,1
Lady of the Leaves,None,0,0,0,0,0,0,0,0,0,0,0,0,0,0,0,1,0,0,0,0,0,0,0,0,22,0,0,0,0,1,0,0
Lambert Turnberry,Lannister,0,0,0,0,0,0,0,0,0,0,0,0,1,0,0,0,0,0,0,0,0,0,0,0,7,1,1,0,0,0,1,0
Lamprey,Baratheon,0,1,0,0,0,0,0,0,0,0,0,0,0,0,0,0,0,0,0,0,0,0,0,0,25,1,0,0,0,1,0,0
Lancel Lannister,Lannister,0,0,0,0,0,0,0,0,0,0,0,0,1,0,0,0,0,0,0,0,0,0,0,0,47,1,1,1,1,1,1,1
Lanna (Happy Port),None,0,0,0,0,0,0,0,0,0,0,0,0,0,0,0,1,0,0,0,0,0,0,0,0,34,0,0,0,0,0,1,0
Lark,Night s Watch,0,0,0,0,0,0,0,0,0,0,0,0,0,0,1,0,0,0,0,0,0,1,3,46,23,1,0,0,1,1,0,0
Larra Blackmont,Martell,0,0,0,0,0,0,0,0,0,0,0,0,0,1,0,0,0,0,0,0,0,0,0,0,38,0,1,0,0,1,0,0
Larraq,Targaryen,0,0,0,0,0,0,0,0,0,0,0,0,0,0,0,0,0,1,0,0,0,0,0,0,59,1,0,0,0,0,0,1
Leathers,Night s Watch,0,0,0,0,0,0,0,0,0,0,0,0,0,0,1,0,0,0,0,0,0,0,0,0,35,1,0,0,0,0,0,1
Left Hand Lew,Night s Watch,0,0,0,0,0,0,0,0,0,0,0,0,0,0,1,0,0,0,0,0,0,0,0,0,48,1,0,0,0,1,0,1
Lem,None,0,0,0,0,0,0,0,0,0,0,0,0,0,0,0,1,0,0,0,0,0,0,0,0,13,1,0,0,0,1,1,0
Lennocks,None,0,0,0,0,0,0,0,0,0,0,0,0,0,0,0,1,0,0,0,0,0,0,0,34,34,1,0,0,0,1,0,0
Lenwood Tawney,Greyjoy,0,0,1,0,0,0,0,0,0,0,0,0,0,0,0,0,0,0,0,0,0,0,0,0,18,1,0,0,0,0,1,0
Leo Lefford,Lannister,0,0,0,0,0,0,0,0,0,0,0,0,1,0,0,0,0,0,0,0,0,1,2,45,62,1,1,1,1,0,0,0
Leo Tyrell,Tyrell,0,0,0,0,0,0,0,0,0,0,0,0,0,0,0,0,0,0,0,1,0,0,0,0,0,1,1,0,0,0,1,0
Leobald Tallhart,Stark,0,0,0,0,0,0,0,0,0,0,0,0,0,0,0,0,1,0,0,0,0,1,2,66,16,1,1,0,1,0,0,0
Leona Woolfield,Stark,0,0,0,0,0,0,0,0,0,0,0,0,0,0,0,0,1,0,0,0,0,0,0,0,19,0,1,0,0,0,0,1
Leonette Fossoway,Tyrell,0,0,0,0,0,0,0,0,0,0,0,0,0,0,0,0,0,0,0,1,0,0,0,0,6,0,1,0,0,1,0,0
Lew,House Stark,0,0,0,0,0,0,0,0,1,0,0,0,0,0,0,0,0,0,0,0,0,0,0,0,7,1,0,1,0,0,0,0
Lewis Lanster,None,0,0,0,0,0,0,0,0,0,0,0,0,0,0,0,1,0,0,0,0,0,0,0,0,25,1,0,0,0,0,0,1
Lewys Lydden,Lannister,0,0,0,0,0,0,0,0,0,0,0,0,1,0,0,0,0,0,0,0,0,0,0,0,62,1,1,1,1,0,0,0
Lewys Piper,Lannister,0,0,0,0,0,0,0,0,0,0,0,0,1,0,0,0,0,0,0,0,0,0,0,0,27,1,1,0,0,0,1,0
Lharys,Stark,0,0,0,0,0,0,0,0,0,0,0,0,0,0,0,0,1,0,0,0,0,1,1,34,31,1,1,1,0,0,0,0
Little Walder Frey,None,0,0,0,0,0,0,0,0,0,0,0,0,0,0,0,1,0,0,0,0,0,1,5,51,59,1,1,1,1,0,0,1
Lollys Stokeworth,Lannister,0,0,0,0,0,0,0,0,0,0,0,0,1,0,0,0,0,0,0,0,0,0,0,0,2,0,1,0,1,1,0,0
Lommy,Night s Watch,0,0,0,0,0,0,0,0,0,0,0,0,0,0,1,0,0,0,0,0,0,1,2,19,1,1,0,0,1,0,0,0
Loras Tyrell,Tyrell,0,0,0,0,0,0,0,0,0,0,0,0,0,0,0,0,0,0,0,1,0,0,0,0,18,1,1,1,1,1,1,0
Lorcas,None,0,0,0,0,0,0,0,0,0,0,0,0,0,0,0,1,0,0,0,0,0,0,0,0,45,1,0,0,0,0,1,0
Lord of Bones,Wildling,0,0,0,0,0,0,0,0,0,0,0,0,0,0,0,0,0,0,0,0,1,1,5,10,68,1,1,0,1,1,0,1
Lorent Caswell,Baratheon,0,1,0,0,0,0,0,0,0,0,0,0,0,0,0,0,0,0,0,0,0,0,0,0,22,1,1,0,1,0,0,0
Lorren,Greyjoy,0,0,1,0,0,0,0,0,0,0,0,0,0,0,0,0,0,0,0,0,0,1,2,66,37,1,0,0,1,0,0,0
Lothar Frey,None,0,0,0,0,0,0,0,0,0,0,0,0,0,0,0,1,0,0,0,0,0,0,0,0,35,1,1,0,0,1,0,0
Lothor Brune,None,0,0,0,0,0,0,0,0,0,0,0,0,0,0,0,1,0,0,0,0,0,0,0,0,29,1,1,1,1,1,1,0
Lucan,None,0,0,0,0,0,0,0,0,0,0,0,0,0,0,0,1,0,0,0,0,0,1,2,64,38,1,0,0,1,0,0,0
Lucas Blackwood,Tully,0,0,0,0,0,0,0,0,0,0,0,0,0,0,0,0,0,0,1,0,0,1,3,51,22,1,1,0,1,1,0,0
Lucas Codd,Greyjoy,0,0,1,0,0,0,0,0,0,0,0,0,0,0,0,0,0,0,0,0,0,0,0,0,11,1,1,0,0,0,1,0
Lucias Vypren,None,0,0,0,0,0,0,0,0,0,0,0,0,0,0,0,1,0,0,0,0,0,0,0,0,49,1,1,0,0,1,0,0
Luco Prestayn,None,0,0,0,0,0,0,0,0,0,0,0,0,0,0,0,1,0,0,0,0,0,0,0,0,22,1,0,0,0,0,1,0
Luke of Longtown,Night s Watch,0,0,0,0,0,0,0,0,0,0,0,0,0,0,1,0,0,0,0,0,0,0,0,0,35,1,0,0,0,0,0,1
Luton,None,0,0,0,0,0,0,0,0,0,0,0,0,0,0,0,1,0,0,0,0,0,1,5,51,37,1,0,0,0,0,0,1
Luwin,House Stark,0,0,0,0,0,0,0,0,1,0,0,0,0,0,0,0,0,0,0,0,0,1,2,69,14,1,0,1,1,0,0,0
Lyle Crakehall,Lannister,0,0,0,0,0,0,0,0,0,0,0,0,1,0,0,0,0,0,0,0,0,0,0,0,12,1,1,0,0,0,1,0
Lyman Darry,Tully,0,0,0,0,0,0,0,0,0,0,0,0,0,0,0,0,0,0,1,0,0,1,3,7,71,1,1,1,1,0,0,0
Lymond Goodbrook,Tully,0,0,0,0,0,0,0,0,0,0,0,0,0,0,0,0,0,0,1,0,0,0,0,0,45,1,1,0,0,1,0,0
Lymond Lychester,Tully,0,0,0,0,0,0,0,0,0,0,0,0,0,0,0,0,0,0,1,0,0,0,0,0,22,1,1,0,0,1,0,0
Lyn Corbray,Arryn,1,0,0,0,0,0,0,0,0,0,0,0,0,0,0,0,0,0,0,0,0,0,0,0,38,1,1,1,0,0,1,0
Lyonel,None,0,0,0,0,0,0,0,0,0,0,0,0,0,0,0,1,0,0,0,0,0,0,0,0,38,1,0,0,1,0,0,0
Lysa Tully,House Arryn,0,0,0,1,0,0,0,0,0,0,0,0,0,0,0,0,0,0,0,0,0,1,3,0,34,0,1,1,0,1,0,0
Lysono Maar,None,0,0,0,0,0,0,0,0,0,0,0,0,0,0,0,1,0,0,0,0,0,0,0,0,24,1,0,0,0,0,0,1
Mace Tyrell,House Tyrell,0,0,0,0,0,0,0,0,0,0,0,1,0,0,0,0,0,0,0,0,0,0,0,0,62,1,1,0,1,1,1,1
Mad Huntsman,None,0,0,0,0,0,0,0,0,0,0,0,0,0,0,0,1,0,0,0,0,0,0,0,0,29,1,0,0,0,1,0,0
Maege Mormont,Stark,0,0,0,0,0,0,0,0,0,0,0,0,0,0,0,0,1,0,0,0,0,0,0,0,53,0,1,1,0,1,0,0
Maerie (Goodwife),None,0,0,0,0,0,0,0,0,0,0,0,0,0,0,0,1,0,0,0,0,0,1,3,34,34,0,0,0,0,1,0,0
Maerie (Whore),None,0,0,0,0,0,0,0,0,0,0,0,0,0,0,0,1,0,0,0,0,0,1,3,34,34,0,0,0,0,1,0,0
Mag Mar Tun Doh Weg,Wildling,0,0,0,0,0,0,0,0,0,0,0,0,0,0,0,0,0,0,0,0,1,1,3,64,15,1,1,0,0,1,0,0
Mago,None,0,0,0,0,0,0,0,0,0,0,0,0,0,0,0,1,0,0,0,0,0,0,0,0,61,1,0,1,0,0,0,0
Mallador Locke,Night s Watch,0,0,0,0,0,0,0,0,0,0,0,0,0,0,1,0,0,0,0,0,0,1,5,18,13,1,0,0,1,1,0,0
Malliard,Lannister,0,0,0,0,0,0,0,0,0,0,0,0,1,0,0,0,0,0,0,0,0,0,0,0,20,1,0,0,1,0,0,0
Mallor,House Lannister,0,0,0,0,0,0,1,0,0,0,0,0,0,0,0,0,0,0,0,0,0,0,0,0,63,1,0,1,0,0,0,0
Mance Rayder,Wildling,0,0,0,0,0,0,0,0,0,0,0,0,0,0,0,0,0,0,0,0,1,0,0,0,15,1,1,0,0,1,0,1
Mandon Moore,Baratheon,0,1,0,0,0,0,0,0,0,0,0,0,0,0,0,0,0,0,0,0,0,1,2,61,51,1,1,1,1,0,0,0
Maric Seaworth,House Baratheon,0,0,0,0,1,0,0,0,0,0,0,0,0,0,0,0,0,0,0,0,0,1,2,58,10,1,1,0,1,0,0,0
Marei,None,0,0,0,0,0,0,0,0,0,0,0,0,0,0,0,1,0,0,0,0,0,0,0,0,29,0,0,0,1,0,0,0
Margaery Tyrell,House Tyrell,0,0,0,0,0,0,0,0,0,0,0,1,0,0,0,0,0,0,0,0,0,0,0,0,22,0,1,0,1,1,1,0
Marillion,Arryn,1,0,0,0,0,0,0,0,0,0,0,0,0,0,0,0,0,0,0,0,0,1,4,23,28,1,0,1,0,1,1,0
Maris,Wildling,0,0,0,0,0,0,0,0,0,0,0,0,0,0,0,0,0,0,0,0,1,0,0,0,58,0,0,0,0,0,0,1
Marissa Frey,None,0,0,0,0,0,0,0,0,0,0,0,0,0,0,0,1,0,0,0,0,0,0,0,0,49,0,1,0,0,1,1,0
Mariya Darry,None,0,0,0,0,0,0,0,0,0,0,0,0,0,0,0,1,0,0,0,0,0,0,0,0,30,0,1,0,0,0,1,0
Mark Mullendore,Tully,0,0,0,0,0,0,0,0,0,0,0,0,0,0,0,0,0,0,1,0,0,0,0,0,22,1,1,0,1,0,0,0
Marlon Manderly,Stark,0,0,0,0,0,0,0,0,0,0,0,0,0,0,0,0,1,0,0,0,0,0,0,0,19,1,1,0,0,0,0,1
Maron Volmark,Greyjoy,0,0,1,0,0,0,0,0,0,0,0,0,0,0,0,0,0,0,0,0,0,0,0,0,18,1,1,0,0,0,1,0
Marq Piper,Tully,0,0,0,0,0,0,0,0,0,0,0,0,0,0,0,0,0,0,1,0,0,0,0,0,56,1,1,1,0,1,0,0
Martyn Rivers,None,0,0,0,0,0,0,0,0,0,0,0,0,0,0,0,1,0,0,0,0,0,0,0,0,29,1,1,1,1,1,0,0
Marwyn,None,0,0,0,0,0,0,0,0,0,0,0,0,0,0,0,1,0,0,0,0,0,0,0,0,0,1,0,0,0,0,1,0
Marwyn Belmore,Arryn,1,0,0,0,0,0,0,0,0,0,0,0,0,0,0,0,0,0,0,0,0,0,0,0,10,1,1,0,0,0,1,0
Masha Heddle,Tully,0,0,0,0,0,0,0,0,0,0,0,0,0,0,0,0,0,0,1,0,0,1,1,56,28,0,0,1,0,0,0,0
Maslyn,Night s Watch,0,0,0,0,0,0,0,0,0,0,0,0,0,0,1,0,0,0,0,0,0,1,3,18,0,1,0,0,0,1,0,0
Mathis Rowan,Lannister,0,0,0,0,0,0,0,0,0,0,0,0,1,0,0,0,0,0,0,0,0,0,0,0,22,1,1,0,1,1,1,0
Mathos Mallarawan,None,0,0,0,0,0,0,0,0,0,0,0,0,0,0,0,1,0,0,0,0,0,0,0,0,40,1,1,0,1,0,0,0
Matrice,Baratheon,0,1,0,0,0,0,0,0,0,0,0,0,0,0,0,0,0,0,0,0,0,0,0,0,0,0,0,0,1,0,0,0
Matthos Seaworth,Baratheon,0,1,0,0,0,0,0,0,0,0,0,0,0,0,0,0,0,0,0,0,0,1,2,58,10,1,1,0,1,0,0,0
Matthar,Night s Watch,0,0,0,0,0,0,0,0,0,0,0,0,0,0,1,0,0,0,0,0,0,0,0,0,41,1,0,1,0,0,0,0
Mawney,Night s Watch,0,0,0,0,0,0,0,0,0,0,0,0,0,0,1,0,0,0,0,0,0,1,5,4,18,1,0,0,0,1,0,1
Mebble,None,0,0,0,0,0,0,0,0,0,0,0,0,0,0,0,1,0,0,0,0,0,0,0,0,47,1,0,0,1,0,0,0
Medger Cerwyn,Stark,0,0,0,0,0,0,0,0,0,0,0,0,0,0,0,0,1,0,0,0,0,1,2,30,53,1,1,1,1,0,0,0
Meera Reed,Stark,0,0,0,0,0,0,0,0,0,0,0,0,0,0,0,0,1,0,0,0,0,0,0,0,21,0,1,0,1,1,0,1
Megga Tyrell,House Tyrell,0,0,0,0,0,0,0,0,0,0,0,1,0,0,0,0,0,0,0,0,0,0,0,0,6,0,1,0,0,1,1,0
Meha,Wildling,0,0,0,0,0,0,0,0,0,0,0,0,0,0,0,0,0,0,0,0,1,0,0,0,0,0,0,0,0,0,0,1
Mela,House Arryn,0,0,0,1,0,0,0,0,0,0,0,0,0,0,0,0,0,0,0,0,0,0,0,0,23,0,0,0,0,0,1,0
Meldred Merlyn,Greyjoy,0,0,1,0,0,0,0,0,0,0,0,0,0,0,0,0,0,0,0,0,0,0,0,0,1,1,1,0,0,0,1,0
Meliana,Stark,0,0,0,0,0,0,0,0,0,0,0,0,0,0,0,0,1,0,0,0,0,0,0,0,69,0,0,0,0,1,0,0
Melisandre,Baratheon,0,1,0,0,0,0,0,0,0,0,0,0,0,0,0,0,0,0,0,0,0,0,0,0,0,0,0,0,1,1,0,1
Mellei,House Martell,0,0,0,0,0,0,0,1,0,0,0,0,0,0,0,0,0,0,0,0,0,0,0,0,40,0,0,0,0,0,1,0
Melly,None,0,0,0,0,0,0,0,0,0,0,0,0,0,0,0,1,0,0,0,0,0,0,0,0,34,0,0,0,0,1,0,0
Meredyth Crane,Tyrell,0,0,0,0,0,0,0,0,0,0,0,0,0,0,0,0,0,0,0,1,0,0,0,0,61,0,1,0,0,1,1,0
Meribald,None,0,0,0,0,0,0,0,0,0,0,0,0,0,0,0,1,0,0,0,0,0,0,0,0,25,1,0,0,0,0,1,0
Merlon Crakehall,Lannister,0,0,0,0,0,0,0,0,0,0,0,0,1,0,0,0,0,0,0,0,0,0,0,0,38,1,1,0,0,1,0,0
Mero,None,0,0,0,0,0,0,0,0,0,0,0,0,0,0,0,1,0,0,0,0,0,1,3,57,42,1,0,0,0,1,0,0
Merrett Frey,None,0,0,0,0,0,0,0,0,0,0,0,0,0,0,0,1,0,0,0,0,0,1,3,0,59,1,1,1,0,1,0,0
Meryn Trant,Lannister,0,0,0,0,0,0,0,0,0,0,0,0,1,0,0,0,0,0,0,0,0,0,0,0,8,1,1,1,1,1,1,1
Mezzara,None,0,0,0,0,0,0,0,0,0,0,0,0,0,0,0,1,0,0,0,0,0,0,0,0,2,0,1,0,0,0,0,1
Mikken,House Stark,0,0,0,0,0,0,0,0,1,0,0,0,0,0,0,0,0,0,0,0,0,1,2,46,8,1,0,1,1,0,0,0
Miklaz,None,0,0,0,0,0,0,0,0,0,0,0,0,0,0,0,1,0,0,0,0,0,0,0,0,2,1,1,0,0,0,0,1
Mirri Maz Duur,None,0,0,0,0,0,0,0,0,0,0,0,0,0,0,0,1,0,0,0,0,0,1,1,72,61,0,0,1,0,0,0,0
Missandei,House Targaryen,0,0,0,0,0,0,0,0,0,1,0,0,0,0,0,0,0,0,0,0,0,0,0,0,23,0,0,0,0,1,0,1
Mohor,None,0,0,0,0,0,0,0,0,0,0,0,0,0,0,0,1,0,0,0,0,0,1,1,31,31,1,1,1,0,0,0,0
Mollander,None,0,0,0,0,0,0,0,0,0,0,0,0,0,0,0,1,0,0,0,0,0,0,0,0,0,1,0,0,0,0,1,0
Monford Velaryon,Baratheon,0,1,0,0,0,0,0,0,0,0,0,0,0,0,0,0,0,0,0,0,0,1,3,25,0,1,1,0,1,0,0,0
Monster,Wildling,0,0,0,0,0,0,0,0,0,0,0,0,0,0,0,0,0,0,0,0,1,0,0,0,33,1,0,0,0,1,1,1
Moon Boy,Baratheon,0,1,0,0,0,0,0,0,0,0,0,0,0,0,0,0,0,0,0,0,0,0,0,0,29,1,0,1,1,1,1,0
Moqorro,Greyjoy,0,0,1,0,0,0,0,0,0,0,0,0,0,0,0,0,0,0,0,0,0,0,0,0,33,1,0,0,0,0,0,1
Mord,House Arryn,0,0,0,1,0,0,0,0,0,0,0,0,0,0,0,0,0,0,0,0,0,0,0,0,38,1,0,1,0,0,1,0
Mordane,House Stark,0,0,0,0,0,0,0,0,1,0,0,0,0,0,0,0,0,0,0,0,0,1,1,67,7,0,0,1,0,0,0,0
Moreo Tumitis,None,0,0,0,0,0,0,0,0,0,0,0,0,0,0,0,1,0,0,0,0,0,0,0,0,18,1,0,1,0,0,0,0
Morgarth,None,0,0,0,0,0,0,0,0,0,0,0,0,0,0,0,1,0,0,0,0,0,0,0,0,41,1,0,0,0,0,1,0
Morna White Mask,Wildling,0,0,0,0,0,0,0,0,0,0,0,0,0,0,0,0,0,0,0,0,1,0,0,0,48,0,1,0,0,0,0,1
Moro,None,0,0,0,0,0,0,0,0,0,0,0,0,0,0,0,1,0,0,0,0,0,0,0,0,3,1,1,1,0,0,0,0
Morra,House Martell,0,0,0,0,0,0,0,1,0,0,0,0,0,0,0,0,0,0,0,0,0,0,0,0,40,0,0,0,0,0,1,0
Morrec,House Lannister,0,0,0,0,0,0,1,0,0,0,0,0,0,0,0,0,0,0,0,0,0,1,1,31,13,1,0,1,0,0,0,0
Morros Slynt,Lannister,0,0,0,0,0,0,0,0,0,0,0,0,1,0,0,0,0,0,0,0,0,0,0,0,2,1,1,0,1,1,0,0
Mors Manwoody,Martell,0,0,0,0,0,0,0,0,0,0,0,0,0,1,0,0,0,0,0,0,0,0,0,0,38,1,1,0,0,1,0,0
Mors Umber,Stark,0,0,0,0,0,0,0,0,0,0,0,0,0,0,0,0,1,0,0,0,0,0,0,0,21,1,1,0,1,0,0,0
Morton Waynwood,Arryn,1,0,0,0,0,0,0,0,0,0,0,0,0,0,0,0,0,0,0,0,0,0,0,0,40,1,1,1,0,0,0,0
Mudge (miller),None,0,0,0,0,0,0,0,0,0,0,0,0,0,0,0,1,0,0,0,0,0,1,3,34,34,1,0,0,0,1,0,0
Mully,Night s Watch,0,0,0,0,0,0,0,0,0,0,0,0,0,0,1,0,0,0,0,0,0,0,0,0,55,1,0,0,0,1,1,1
Munciter,Lannister,0,0,0,0,0,0,0,0,0,0,0,0,1,0,0,0,0,0,0,0,0,0,0,0,20,1,0,0,1,0,0,0
Murch,Night s Watch,0,0,0,0,0,0,0,0,0,0,0,0,0,0,1,0,0,0,0,0,0,0,0,0,9,1,0,0,1,0,0,0
Murch (Winterfell),House Stark,0,0,0,0,0,0,0,0,1,0,0,0,0,0,0,0,0,0,0,0,0,0,0,0,50,1,0,0,1,0,0,0
Mossador,House Targaryen,0,0,0,0,0,0,0,0,0,1,0,0,0,0,0,0,0,0,0,0,0,1,5,11,11,1,0,0,0,1,0,1
Murenmure,Greyjoy,0,0,1,0,0,0,0,0,0,0,0,0,0,0,0,0,0,0,0,0,0,0,0,0,1,1,0,0,0,0,1,0
Muttering Bill,Night s Watch,0,0,0,0,0,0,0,0,0,0,0,0,0,0,1,0,0,0,0,0,0,1,5,4,0,1,0,0,0,1,0,1
Mya Stone,Arryn,1,0,0,0,0,0,0,0,0,0,0,0,0,0,0,0,0,0,0,0,0,0,0,0,34,0,0,1,0,0,1,0
Mycah,Stark,0,0,0,0,0,0,0,0,0,0,0,0,0,0,0,0,1,0,0,0,0,1,1,16,15,1,0,1,0,0,0,0
Myles,House Martell,0,0,0,0,0,0,0,1,0,0,0,0,0,0,0,0,0,0,0,0,0,0,0,0,2,1,0,0,0,0,1,1
Myles Manwoody,Martell,0,0,0,0,0,0,0,0,0,0,0,0,0,1,0,0,0,0,0,0,0,0,0,0,38,1,1,0,0,1,0,0
Myranda Royce,Arryn,1,0,0,0,0,0,0,0,0,0,0,0,0,0,0,0,0,0,0,0,0,0,0,0,41,0,1,0,0,0,1,0
Myrcella Baratheon,Lannister,0,0,0,0,0,0,0,0,0,0,0,0,1,0,0,0,0,0,0,0,0,0,0,0,5,0,1,1,1,0,1,0
Myria Jordayne,Martell,0,0,0,0,0,0,0,0,0,0,0,0,0,1,0,0,0,0,0,0,0,0,0,0,38,0,0,0,0,1,0,1
Myrtle,Wildling,0,0,0,0,0,0,0,0,0,0,0,0,0,0,0,0,0,0,0,0,1,1,5,69,37,0,0,0,0,0,0,1
Nage,None,0,0,0,0,0,0,0,0,0,0,0,0,0,0,0,1,0,0,0,0,0,0,0,0,44,1,0,0,0,1,0,0
Myles,House Tully,0,0,0,0,0,0,0,0,0,0,1,0,0,0,0,0,0,0,0,0,0,1,2,39,39,1,0,0,1,0,0,0
Nan,House Stark,0,0,0,0,0,0,0,0,1,0,0,0,0,0,0,0,0,0,0,0,0,0,0,0,1,0,0,1,1,0,0,0
Narbert,None,0,0,0,0,0,0,0,0,0,0,0,0,0,0,0,1,0,0,0,0,0,0,0,0,31,1,0,0,0,0,1,0
Nestor Royce,Arryn,1,0,0,0,0,0,0,0,0,0,0,0,0,0,0,0,0,0,0,0,0,0,0,0,34,1,1,1,0,0,1,0
Nolla,None,0,0,0,0,0,0,0,0,0,0,0,0,0,0,0,1,0,0,0,0,0,1,3,34,34,0,0,0,0,1,0,0
Norjen,Greyjoy,0,0,1,0,0,0,0,0,0,0,0,0,0,0,0,0,0,0,0,0,0,0,0,0,1,1,0,0,0,0,1,0
Nurse,None,0,0,0,0,0,0,0,0,0,0,0,0,0,0,0,1,0,0,0,0,0,1,5,57,57,1,0,0,0,0,0,1
Notch,None,0,0,0,0,0,0,0,0,0,0,0,0,0,0,0,1,0,0,0,0,0,0,0,0,43,1,0,0,0,1,0,0
Nute,House Greyjoy,0,0,0,0,0,1,0,0,0,0,0,0,0,0,0,0,0,0,0,0,0,0,0,0,18,1,0,0,0,0,1,0
Nymella Toland,Martell,0,0,0,0,0,0,0,0,0,0,0,0,0,1,0,0,0,0,0,0,0,0,0,0,38,0,1,0,0,0,0,1
Nymeria Sand,House Martell,0,0,0,0,0,0,0,1,0,0,0,0,0,0,0,0,0,0,0,0,0,0,0,0,2,0,1,0,0,0,1,1
Obara Sand,House Martell,0,0,0,0,0,0,0,1,0,0,0,0,0,0,0,0,0,0,0,0,0,0,0,0,2,0,1,0,0,0,1,1
Oberyn Martell,House Martell,0,0,0,0,0,0,0,1,0,0,0,0,0,0,0,0,0,0,0,0,0,1,3,70,38,1,1,0,0,1,0,0
Ogo,None,0,0,0,0,0,0,0,0,0,0,0,0,0,0,0,1,0,0,0,0,0,1,1,61,46,1,1,1,0,0,0,0
Old Henly,Night s Watch,0,0,0,0,0,0,0,0,0,0,0,0,0,0,1,0,0,0,0,0,0,1,3,55,55,1,0,0,0,1,0,0
Olenna Redwyne,Tyrell,0,0,0,0,0,0,0,0,0,0,0,0,0,0,0,0,0,0,0,1,0,0,0,0,19,0,1,0,0,1,1,0
Ollo Lophand,Night s Watch,0,0,0,0,0,0,0,0,0,0,0,0,0,0,1,0,0,0,0,0,0,1,5,4,0,1,0,0,0,1,0,1
Olyvar Frey,None,0,0,0,0,0,0,0,0,0,0,0,0,0,0,0,1,0,0,0,0,0,0,0,0,59,1,1,1,0,0,0,0
Ondrew Locke,Stark,0,0,0,0,0,0,0,0,0,0,0,0,0,0,0,0,1,0,0,0,0,0,0,0,37,1,1,0,0,0,0,1
Oppo,None,0,0,0,0,0,0,0,0,0,0,0,0,0,0,0,1,0,0,0,0,0,1,4,17,60,1,0,0,0,1,1,0
Orell,Wildling,0,0,0,0,0,0,0,0,0,0,0,0,0,0,0,0,0,0,0,0,1,1,2,51,51,1,0,0,1,0,0,0
Orphan Oss,Night s Watch,0,0,0,0,0,0,0,0,0,0,0,0,0,0,1,0,0,0,0,0,0,1,5,4,0,1,0,0,0,1,0,1
Orton Merryweather,Lannister,0,0,0,0,0,0,0,0,0,0,0,0,1,0,0,0,0,0,0,0,0,0,0,0,11,1,1,0,0,1,1,0
Osfryd Kettleblack,Lannister,0,0,0,0,0,0,0,0,0,0,0,0,1,0,0,0,0,0,0,0,0,0,0,0,41,1,1,0,1,1,1,0
Osha,House Stark,0,0,0,0,0,0,0,0,1,0,0,0,0,0,0,0,0,0,0,0,0,0,0,0,37,0,0,1,1,0,0,0
Osmund Kettleblack,Lannister,0,0,0,0,0,0,0,0,0,0,0,0,1,0,0,0,0,0,0,0,0,0,0,0,41,1,1,0,1,1,1,0
Osney Kettleblack,Lannister,0,0,0,0,0,0,0,0,0,0,0,0,1,0,0,0,0,0,0,0,0,0,0,0,41,1,1,0,1,1,1,0
Ossy,Arryn,1,0,0,0,0,0,0,0,0,0,0,0,0,0,0,0,0,0,0,0,0,0,0,0,41,1,0,0,0,0,1,0
Oswell Kettleblack,None,0,0,0,0,0,0,0,0,0,0,0,0,0,0,0,1,0,0,0,0,0,0,0,0,68,1,1,0,0,1,0,0
Othell Yarwyck,Night s Watch,0,0,0,0,0,0,0,0,0,0,0,0,0,0,1,0,0,0,0,0,0,0,0,0,48,1,0,1,0,1,0,1
Ottyn Wythers,Night s Watch,0,0,0,0,0,0,0,0,0,0,0,0,0,0,1,0,0,0,0,0,0,1,3,48,13,1,0,0,1,1,0,0
Owen,Night s Watch,0,0,0,0,0,0,0,0,0,0,0,0,0,0,1,0,0,0,0,0,0,0,0,0,55,1,0,0,0,1,0,1
Owen Norrey,Tully,0,0,0,0,0,0,0,0,0,0,0,0,0,0,0,0,0,0,1,0,0,1,3,51,51,1,1,0,0,1,0,0
Oznak zo Pahl,None,0,0,0,0,0,0,0,0,0,0,0,0,0,0,0,1,0,0,0,0,0,1,3,57,57,1,1,0,0,1,0,0
Palla,House Stark,0,0,0,0,0,0,0,0,1,0,0,0,0,0,0,0,0,0,0,0,0,0,0,0,46,0,0,0,1,0,0,0
Parmen Crane,Baratheon,0,1,0,0,0,0,0,0,0,0,0,0,0,0,0,0,0,0,0,0,0,0,0,0,22,1,1,0,1,0,0,0
Patchface,Baratheon,0,1,0,0,0,0,0,0,0,0,0,0,0,0,0,0,0,0,0,0,0,0,0,0,0,1,0,0,1,1,0,1
Pate (novice),None,0,0,0,0,0,0,0,0,0,0,0,0,0,0,0,1,0,0,0,0,0,1,4,0,0,1,0,0,0,0,1,0
Pate (Lancewood),None,0,0,0,0,0,0,0,0,0,0,0,0,0,0,0,1,0,0,0,0,0,1,3,34,34,1,0,0,0,1,0,0
Pate (Night s Watch),Night s Watch,0,0,0,0,0,0,0,0,0,0,0,0,0,0,1,0,0,0,0,0,0,0,0,0,60,1,0,1,0,0,0,0
Pate (Old),None,0,0,0,0,0,0,0,0,0,0,0,0,0,0,0,1,0,0,0,0,0,0,0,34,13,1,0,0,0,1,0,0
Patrek of King s Mountain,Baratheon,0,1,0,0,0,0,0,0,0,0,0,0,0,0,0,0,0,0,0,0,0,1,5,69,44,1,1,0,0,0,0,1
Patrek Mallister,Tully,0,0,0,0,0,0,0,0,0,0,0,0,0,0,0,0,0,0,1,0,0,0,0,0,28,1,1,1,0,1,0,0
Paxter Redwyne,Tyrell,0,0,0,0,0,0,0,0,0,0,0,0,0,0,0,0,0,0,0,1,0,0,0,0,65,1,1,0,1,1,1,0
Pello,None,0,0,0,0,0,0,0,0,0,0,0,0,0,0,0,1,0,0,0,0,0,0,0,0,17,1,0,0,0,1,0,0
Penny,None,0,0,0,0,0,0,0,0,0,0,0,0,0,0,0,1,0,0,0,0,0,0,0,0,60,0,0,0,0,1,0,1
Perros Blackmont,Martell,0,0,0,0,0,0,0,0,0,0,0,0,0,1,0,0,0,0,0,0,0,0,0,0,38,1,1,0,0,1,0,0
Perwyn Frey,None,0,0,0,0,0,0,0,0,0,0,0,0,0,0,0,1,0,0,0,0,0,0,0,0,29,1,1,1,1,0,0,0
Petyr Baelish,None,0,0,0,0,0,0,0,0,0,0,0,0,0,0,0,1,0,0,0,0,0,0,0,0,18,1,0,1,1,1,1,0
Petyr Frey,None,0,0,0,0,0,0,0,0,0,0,0,0,0,0,0,1,0,0,0,0,0,1,3,0,49,1,1,0,0,1,0,0
Philip Foote,Lannister,0,0,0,0,0,0,0,0,0,0,0,0,1,0,0,0,0,0,0,0,0,0,0,0,65,1,1,0,1,1,0,0
Pia,None,0,0,0,0,0,0,0,0,0,0,0,0,0,0,0,1,0,0,0,0,0,0,0,0,30,0,0,0,1,0,1,0
Podrick Payne,Lannister,0,0,0,0,0,0,0,0,0,0,0,0,1,0,0,0,0,0,0,0,0,0,0,0,62,1,1,1,1,1,1,0
Polliver,None,0,0,0,0,0,0,0,0,0,0,0,0,0,0,0,1,0,0,0,0,0,1,3,27,26,1,0,0,1,1,0,0
Pono,None,0,0,0,0,0,0,0,0,0,0,0,0,0,0,0,1,0,0,0,0,0,0,0,0,68,1,1,1,0,0,0,0
Porridge,Baratheon,0,1,0,0,0,0,0,0,0,0,0,0,0,0,0,0,0,0,0,0,0,0,0,0,25,1,0,0,0,1,0,0
Porther,House Stark,0,0,0,0,0,0,0,0,1,0,0,0,0,0,0,0,0,0,0,0,0,1,2,21,22,1,0,1,1,0,0,0
Poul Pemford,House Tully,0,0,0,0,0,0,0,0,0,0,1,0,0,0,0,0,0,0,0,0,0,1,2,39,39,1,0,0,1,0,0,0
Poxy Tym,House Stark,0,0,0,0,0,0,0,0,1,0,0,0,0,0,0,0,0,0,0,0,0,1,2,69,16,1,0,0,1,0,0,0
Praed,None,0,0,0,0,0,0,0,0,0,0,0,0,0,0,0,1,0,0,0,0,0,1,2,9,5,1,0,0,1,0,0,0
Prendahl na Ghezn,None,0,0,0,0,0,0,0,0,0,0,0,0,0,0,0,1,0,0,0,0,0,1,3,42,42,1,0,0,0,1,0,0
Preston Greenfield,Baratheon,0,1,0,0,0,0,0,0,0,0,0,0,0,0,0,0,0,0,0,0,0,1,2,41,43,1,0,1,1,0,0,0
Pyat Pree,None,0,0,0,0,0,0,0,0,0,0,0,0,0,0,0,1,0,0,0,0,0,0,0,0,12,1,1,0,1,0,0,0
Pycelle,House Lannister,0,0,0,0,0,0,1,0,0,0,0,0,0,0,0,0,0,0,0,0,0,1,5,0,20,1,0,1,1,1,1,1
Pyg,None,0,0,0,0,0,0,0,0,0,0,0,0,0,0,0,1,0,0,0,0,0,1,4,20,20,1,0,0,0,1,1,0
Pylos,Baratheon,0,1,0,0,0,0,0,0,0,0,0,0,0,0,0,0,0,0,0,0,0,0,0,0,0,1,0,0,1,1,0,0
Pypar,Night s Watch,0,0,0,0,0,0,0,0,0,0,0,0,0,0,1,0,0,0,0,0,0,0,0,0,19,1,0,1,0,1,1,1
Qarl Shepherd,Greyjoy,0,0,1,0,0,0,0,0,0,0,0,0,0,0,0,0,0,0,0,0,0,0,0,0,26,1,0,0,0,0,0,1
Qarl the Maid,Greyjoy,0,0,1,0,0,0,0,0,0,0,0,0,0,0,0,0,0,0,0,0,0,0,0,0,42,1,0,0,1,0,1,1
Qezza,None,0,0,0,0,0,0,0,0,0,0,0,0,0,0,0,1,0,0,0,0,0,0,0,0,2,0,0,0,0,0,0,1
Qhorin Halfhand,Night s Watch,0,0,0,0,0,0,0,0,0,0,0,0,0,0,1,0,0,0,0,0,0,1,2,68,43,1,0,0,1,0,0,0
Qotho,None,0,0,0,0,0,0,0,0,0,0,0,0,0,0,0,1,0,0,0,0,0,1,1,61,11,1,0,1,0,0,0,0
Quaithe,None,0,0,0,0,0,0,0,0,0,0,0,0,0,0,0,1,0,0,0,0,0,0,0,0,12,0,1,0,1,1,0,1
Quaro,Targaryen,0,0,0,0,0,0,0,0,0,0,0,0,0,0,0,0,0,1,0,0,0,1,1,64,50,1,0,1,0,0,0,0
Quellon Humble,Greyjoy,0,0,1,0,0,0,0,0,0,0,0,0,0,0,0,0,0,0,0,0,0,0,0,0,18,1,1,0,0,0,1,0
Quent,House Stark,0,0,0,0,0,0,0,0,1,0,0,0,0,0,0,0,0,0,0,0,0,0,0,0,37,1,0,1,0,0,0,0
Quenten Banefort,Lannister,0,0,0,0,0,0,0,0,0,0,0,0,1,0,0,0,0,0,0,0,0,0,0,0,16,1,1,0,0,0,1,0
Quentyn Martell,Martell,0,0,0,0,0,0,0,0,0,0,0,0,0,1,0,0,0,0,0,0,0,1,5,70,6,1,1,0,0,0,0,1
Quhuru Mo,None,0,0,0,0,0,0,0,0,0,0,0,0,0,0,0,1,0,0,0,0,0,0,0,0,27,1,0,0,1,0,1,0
Qyburn,Lannister,0,0,0,0,0,0,0,0,0,0,0,0,1,0,0,0,0,0,0,0,0,0,0,0,64,1,0,0,1,1,1,1
Quort,Wildling,0,0,0,0,0,0,0,0,0,0,0,0,0,0,0,0,0,0,0,0,1,1,3,55,41,1,0,0,0,1,0,0
Qyle,Night s Watch,0,0,0,0,0,0,0,0,0,0,0,0,0,0,1,0,0,0,0,0,0,1,2,2,2,1,0,0,1,0,0,0
Rafford,None,0,0,0,0,0,0,0,0,0,0,0,0,0,0,0,1,0,0,0,0,0,0,0,0,19,1,0,0,1,0,1,0
Ragnor Pyke,House Greyjoy,0,0,0,0,0,1,0,0,0,0,0,0,0,0,0,0,0,0,0,0,0,0,0,0,29,1,0,0,0,0,1,0
Ragwyle,Wildling,0,0,0,0,0,0,0,0,0,0,0,0,0,0,0,0,0,0,0,0,1,0,0,0,68,0,0,0,1,0,0,0
Rakharo,House Targaryen,0,0,0,0,0,0,0,0,0,1,0,0,0,0,0,0,0,0,0,0,0,0,0,0,54,1,0,1,1,1,0,1
Ralf Kenning,Greyjoy,0,0,1,0,0,0,0,0,0,0,0,0,0,0,0,0,0,0,0,0,0,1,5,20,18,1,0,0,0,0,1,1
Ralf Stonehouse,Greyjoy,0,0,1,0,0,0,0,0,0,0,0,0,0,0,0,0,0,0,0,0,0,0,0,0,18,1,1,0,0,0,0,1
Ralf the Limper,Greyjoy,0,0,1,0,0,0,0,0,0,0,0,0,0,0,0,0,0,0,0,0,0,0,0,0,18,1,0,0,0,0,1,1
Ramsay Snow,None,0,0,0,0,0,0,0,0,0,0,0,0,0,0,0,1,0,0,0,0,0,0,0,0,16,1,1,0,1,0,0,1
Randa,None,0,0,0,0,0,0,0,0,0,0,0,0,0,0,0,1,0,0,0,0,0,1,3,34,34,0,0,0,0,1,0,0
Randyll Tarly,Tyrell,0,0,0,0,0,0,0,0,0,0,0,0,0,0,0,0,0,0,0,1,0,0,0,0,22,1,1,0,1,0,1,1
Rast,Night s Watch,0,0,0,0,0,0,0,0,0,0,0,0,0,0,1,0,0,0,0,0,0,1,3,26,55,1,0,1,0,1,0,0
Ravella Swann,Tully,0,0,0,0,0,0,0,0,0,0,0,0,0,0,0,0,0,0,1,0,0,0,0,0,22,0,1,0,0,1,0,0
Raymar Royce,Arryn,1,0,0,0,0,0,0,0,0,0,0,0,0,0,0,0,0,0,0,0,0,0,0,0,45,1,1,0,0,1,0,0
Raymun Darry,Targaryen,0,0,0,0,0,0,0,0,0,0,0,0,0,0,0,0,0,1,0,0,0,1,1,55,16,1,1,1,0,0,0,0
Raymund Frey,None,0,0,0,0,0,0,0,0,0,0,0,0,0,0,0,1,0,0,0,0,0,0,0,0,49,1,1,0,0,1,0,0
Raynald Westerling,Stark,0,0,0,0,0,0,0,0,0,0,0,0,0,0,0,0,1,0,0,0,0,1,3,44,14,1,1,0,0,1,1,0
Red Alyn,Night s Watch,0,0,0,0,0,0,0,0,0,0,0,0,0,0,1,0,0,0,0,0,0,1,3,69,55,1,0,0,0,1,0,0
Red Rolfe,House Greyjoy,0,0,0,0,0,1,0,0,0,0,0,0,0,0,0,0,0,0,0,0,0,1,2,66,66,1,0,0,1,0,0,0
Reek,None,0,0,0,0,0,0,0,0,0,0,0,0,0,0,0,1,0,0,0,0,0,1,2,35,16,1,0,0,1,0,0,0
Renly Baratheon,House Baratheon,0,0,0,0,1,0,0,0,0,0,0,0,0,0,0,0,0,0,0,0,0,1,2,33,15,1,1,1,1,0,0,0
Reysen,Night s Watch,0,0,0,0,0,0,0,0,0,0,0,0,0,0,1,0,0,0,0,0,0,0,0,0,5,1,0,0,1,0,0,0
Reznak mo Reznak,None,0,0,0,0,0,0,0,0,0,0,0,0,0,0,0,1,0,0,0,0,0,0,0,0,2,1,1,0,0,0,0,1
Rhaegar Frey,None,0,0,0,0,0,0,0,0,0,0,0,0,0,0,0,1,0,0,0,0,0,1,5,29,19,1,1,0,0,0,0,1
Rhogoro,None,0,0,0,0,0,0,0,0,0,0,0,0,0,0,0,1,0,0,0,0,0,0,0,0,3,1,1,1,0,0,0,0
Ricasso,House Martell,0,0,0,0,0,0,0,1,0,0,0,0,0,0,0,0,0,0,0,0,0,0,0,0,2,1,0,0,0,0,1,1
Richard Horpe,Baratheon,0,1,0,0,0,0,0,0,0,0,0,0,0,0,0,0,0,0,0,0,0,0,0,0,17,1,1,0,0,0,0,1
Rickard Karstark,Stark,0,0,0,0,0,0,0,0,0,0,0,0,0,0,0,0,1,0,0,0,0,1,3,20,53,1,1,1,1,1,0,0
Rickard Ryswell,Stark,0,0,0,0,0,0,0,0,0,0,0,0,0,0,0,0,1,0,0,0,0,0,0,0,20,1,1,0,0,0,0,1
Rickon Stark,House Stark,0,0,0,0,0,0,0,0,1,0,0,0,0,0,0,0,0,0,0,0,0,0,0,0,7,1,1,1,1,0,0,0
Rigney,None,0,0,0,0,0,0,0,0,0,0,0,0,0,0,0,1,0,0,0,0,0,0,0,0,11,1,0,0,0,0,1,0
Robar Royce,Baratheon,0,1,0,0,0,0,0,0,0,0,0,0,0,0,0,0,0,0,0,0,0,1,2,6,29,1,1,1,1,1,0,0
Robb Stark,House Stark,0,0,0,0,0,0,0,0,1,0,0,0,0,0,0,0,0,0,0,0,0,1,3,51,1,1,1,1,1,1,0,0
Robert Baratheon,House Baratheon,0,0,0,0,1,0,0,0,0,0,0,0,0,0,0,0,0,0,0,0,0,1,1,47,4,1,1,1,0,0,0,0
Robert Arryn,House Arryn,0,0,0,1,0,0,0,0,0,0,0,0,0,0,0,0,0,0,0,0,0,0,0,0,40,1,1,1,0,1,1,0
Robett Glover,Stark,0,0,0,0,0,0,0,0,0,0,0,0,0,0,0,0,1,0,0,0,0,0,0,0,53,1,1,1,1,0,0,1
Robin Flint,Stark,0,0,0,0,0,0,0,0,0,0,0,0,0,0,0,0,1,0,0,0,0,1,3,51,63,1,1,1,1,1,0,0
Robin Moreland,Lannister,0,0,0,0,0,0,0,0,0,0,0,0,1,0,0,0,0,0,0,0,0,0,0,0,16,1,1,0,0,0,1,0
Robin Ryger,Tully,0,0,0,0,0,0,0,0,0,0,0,0,0,0,0,0,0,0,1,0,0,0,0,0,7,1,1,0,1,1,1,0
Rodrik Cassel,Stark,0,0,0,0,0,0,0,0,0,0,0,0,0,0,0,0,1,0,0,0,0,1,2,66,7,1,1,1,1,0,0,0
Rodrik Harlaw,Greyjoy,0,0,1,0,0,0,0,0,0,0,0,0,0,0,0,0,0,0,0,0,0,0,0,0,11,1,1,0,0,0,1,0
Rodrik Ryswell,None,0,0,0,0,0,0,0,0,0,0,0,0,0,0,0,1,0,0,0,0,0,0,0,0,32,1,1,0,0,0,0,1
Roger Hogg,Lannister,0,0,0,0,0,0,0,0,0,0,0,0,1,0,0,0,0,0,0,0,0,0,0,0,27,1,1,0,0,0,1,0
Roger Ryswell,Stark,0,0,0,0,0,0,0,0,0,0,0,0,0,0,0,0,1,0,0,0,0,0,0,0,20,1,1,0,0,0,0,1
Roland Crakehall (Lord),Lannister,0,0,0,0,0,0,0,0,0,0,0,0,1,0,0,0,0,0,0,0,0,0,0,0,32,1,1,0,1,0,0,0
Rolder,House Lannister,0,0,0,0,0,0,1,0,0,0,0,0,0,0,0,0,0,0,0,0,0,0,0,0,21,1,0,0,0,0,1,0
Rolfe,Greyjoy,0,0,1,0,0,0,0,0,0,0,0,0,0,0,0,0,0,0,0,0,0,0,0,0,24,1,0,0,1,0,0,0
Rollam Westerling,Stark,0,0,0,0,0,0,0,0,0,0,0,0,0,0,0,0,1,0,0,0,0,0,0,0,14,1,1,0,0,1,0,0
Rolfe the Dwarf,House Greyjoy,0,0,0,0,0,1,0,0,0,0,0,0,0,0,0,0,0,0,0,0,0,1,5,26,26,1,0,0,0,0,0,1
Rolley,Night s Watch,0,0,0,0,0,0,0,0,0,0,0,0,0,0,1,0,0,0,0,0,0,1,3,33,0,1,0,0,0,1,0,0
Rolly Duckfield,Targaryen,0,0,0,0,0,0,0,0,0,0,0,0,0,0,0,0,0,1,0,0,0,0,0,0,8,1,0,0,0,0,0,1
Rolph Spicer,Lannister,0,0,0,0,0,0,0,0,0,0,0,0,1,0,0,0,0,0,0,0,0,0,0,0,14,1,1,0,0,1,0,0
Romny Weaver,Greyjoy,0,0,1,0,0,0,0,0,0,0,0,0,0,0,0,0,0,0,0,0,0,0,0,0,18,1,1,0,0,0,1,0
Ronald Storm,None,0,0,0,0,0,0,0,0,0,0,0,0,0,0,0,1,0,0,0,0,0,0,0,0,61,1,0,0,0,0,0,1
Ronnel Harclay,Night s Watch,0,0,0,0,0,0,0,0,0,0,0,0,0,0,1,0,0,0,0,0,0,0,0,0,48,1,1,0,0,1,0,0
Ronnet Connington,Baratheon,0,1,0,0,0,0,0,0,0,0,0,0,0,0,0,0,0,0,0,0,0,0,0,0,22,1,1,0,1,0,1,1
Roose Bolton,Stark,0,0,0,0,0,0,0,0,0,0,0,0,0,0,0,0,1,0,0,0,0,0,0,0,33,1,1,1,1,1,0,1
Roose Ryswell,None,0,0,0,0,0,0,0,0,0,0,0,0,0,0,0,1,0,0,0,0,0,0,0,0,32,1,1,0,0,0,0,1
Rorge,None,0,0,0,0,0,0,0,0,0,0,0,0,0,0,0,1,0,0,0,0,0,1,4,37,1,1,0,0,1,1,1,0
Roslin Frey,None,0,0,0,0,0,0,0,0,0,0,0,0,0,0,0,1,0,0,0,0,0,0,0,0,35,0,1,0,0,1,0,0
Rowan,Wildling,0,0,0,0,0,0,0,0,0,0,0,0,0,0,0,0,0,0,0,0,1,1,5,69,37,1,0,0,0,0,0,1
Rudge,Night s Watch,0,0,0,0,0,0,0,0,0,0,0,0,0,0,1,0,0,0,0,0,0,0,0,0,60,1,0,1,0,0,0,0
Rusty Flowers,Night s Watch,0,0,0,0,0,0,0,0,0,0,0,0,0,0,1,0,0,0,0,0,0,0,0,0,7,1,0,0,0,0,0,1
Ryger Rivers,None,0,0,0,0,0,0,0,0,0,0,0,0,0,0,0,1,0,0,0,0,0,0,0,0,59,1,0,1,0,0,0,0
Ryk,Wildling,0,0,0,0,0,0,0,0,0,0,0,0,0,0,0,0,0,0,0,0,1,0,0,0,7,1,0,0,0,1,0,0
Rupert Brax,House Lannister,0,0,0,0,0,0,1,0,0,0,0,0,0,0,0,0,0,0,0,0,0,1,2,32,32,1,0,0,1,0,0,0
Ryman Frey,None,0,0,0,0,0,0,0,0,0,0,0,0,0,0,0,1,0,0,0,0,0,1,4,44,14,1,1,0,0,1,1,0
Rymolf Stormdrunk,House Greyjoy,0,0,0,0,0,1,0,0,0,0,0,0,0,0,0,0,0,0,0,0,0,0,0,0,24,1,0,0,1,0,0,0
Ryon Allyrion,Martell,0,0,0,0,0,0,0,0,0,0,0,0,0,1,0,0,0,0,0,0,0,0,0,0,38,1,1,0,0,1,0,1
Salladhor Saan,Baratheon,0,1,0,0,0,0,0,0,0,0,0,0,0,0,0,0,0,0,0,0,0,0,0,0,0,1,1,0,1,1,0,0
Sallor,None,0,0,0,0,0,0,0,0,0,0,0,0,0,0,0,1,0,0,0,0,0,1,3,42,42,1,0,0,0,1,0,0
Samwell Tarly,Night s Watch,0,0,0,0,0,0,0,0,0,0,0,0,0,0,1,0,0,0,0,0,0,0,0,0,70,1,1,1,1,1,1,1
Sandor Clegane,None,0,0,0,0,0,0,0,0,0,0,0,0,0,0,0,1,0,0,0,0,0,1,4,31,7,1,1,1,1,1,1,0
Sawane Botley,Greyjoy,0,0,1,0,0,0,0,0,0,0,0,0,0,0,0,0,0,0,0,0,0,1,4,18,1,1,1,0,0,0,1,0
Sansa Stark,Stark,0,0,0,0,0,0,0,0,0,0,0,0,0,0,0,0,1,0,0,0,0,0,0,0,7,0,1,1,1,1,1,0
Sarella Sand,House Martell,0,0,0,0,0,0,0,1,0,0,0,0,0,0,0,0,0,0,0,0,0,0,0,0,2,0,0,0,0,0,1,0
Sarra Frey,None,0,0,0,0,0,0,0,0,0,0,0,0,0,0,0,1,0,0,0,0,0,0,0,0,49,0,1,0,0,1,0,0
Satin,Night s Watch,0,0,0,0,0,0,0,0,0,0,0,0,0,0,1,0,0,0,0,0,0,0,0,0,6,1,0,0,1,1,0,1
Sawwood,Night s Watch,0,0,0,0,0,0,0,0,0,0,0,0,0,0,1,0,0,0,0,0,0,0,0,0,0,1,0,0,0,1,0,0
Sedgekins,None,0,0,0,0,0,0,0,0,0,0,0,0,0,0,0,1,0,0,0,0,0,0,0,0,50,1,0,0,0,1,0,0
Selyse Florent,Baratheon,0,1,0,0,0,0,0,0,0,0,0,0,0,0,0,0,0,0,0,0,0,0,0,0,0,0,1,0,1,1,0,1
Senelle,House Lannister,0,0,0,0,0,0,1,0,0,0,0,0,0,0,0,0,0,0,0,0,0,1,4,24,3,0,0,0,0,0,1,0
Serra Frey,None,0,0,0,0,0,0,0,0,0,0,0,0,0,0,0,1,0,0,0,0,0,0,0,0,49,0,1,0,0,1,0,0
Shadrich,None,0,0,0,0,0,0,0,0,0,0,0,0,0,0,0,1,0,0,0,0,0,0,0,0,4,1,0,0,0,0,1,0
Shae,Lannister,0,0,0,0,0,0,0,0,0,0,0,0,1,0,0,0,0,0,0,0,0,1,3,77,62,0,0,1,1,1,0,0
Shagga,Lannister,0,0,0,0,0,0,0,0,0,0,0,0,1,0,0,0,0,0,0,0,0,0,0,0,39,1,0,1,1,0,0,0
Shagwell,None,0,0,0,0,0,0,0,0,0,0,0,0,0,0,0,1,0,0,0,0,0,1,4,20,30,1,0,0,1,1,1,0
Sharna,None,0,0,0,0,0,0,0,0,0,0,0,0,0,0,0,1,0,0,0,0,0,0,0,0,11,0,0,0,0,1,0,0
Shireen Baratheon,Baratheon,0,1,0,0,0,0,0,0,0,0,0,0,0,0,0,0,0,0,0,0,0,0,0,0,0,0,1,0,1,1,0,1
Shirei Frey,None,0,0,0,0,0,0,0,0,0,0,0,0,0,0,0,1,0,0,0,0,0,0,0,0,49,0,1,0,0,1,0,0
Shyra Errol,Baratheon,0,1,0,0,0,0,0,0,0,0,0,0,0,0,0,0,0,0,0,0,0,1,4,0,42,0,1,0,1,0,0,0
Sigfry Stonetree,Greyjoy,0,0,1,0,0,0,0,0,0,0,0,0,0,0,0,0,0,0,0,0,0,0,0,0,19,1,1,0,0,0,1,0
Skahaz mo Kandaq,None,0,0,0,0,0,0,0,0,0,0,0,0,0,0,0,1,0,0,0,0,0,0,0,0,2,1,1,0,0,0,0,1
Skinner,None,0,0,0,0,0,0,0,0,0,0,0,0,0,0,0,1,0,0,0,0,0,0,0,0,12,1,0,0,0,0,0,1
Small Paul,Night s Watch,0,0,0,0,0,0,0,0,0,0,0,0,0,0,1,0,0,0,0,0,0,1,3,18,0,1,0,0,0,1,0,0
Softfoot,Night s Watch,0,0,0,0,0,0,0,0,0,0,0,0,0,0,1,0,0,0,0,0,0,1,3,18,0,1,0,0,0,1,0,0
Sour Alyn,None,0,0,0,0,0,0,0,0,0,0,0,0,0,0,0,1,0,0,0,0,0,0,0,0,12,1,0,0,0,0,0,1
Spare Boot,Night s Watch,0,0,0,0,0,0,0,0,0,0,0,0,0,0,1,0,0,0,0,0,0,0,0,0,55,1,0,0,0,1,0,0
Spotted Cat,None,0,0,0,0,0,0,0,0,0,0,0,0,0,0,0,1,0,0,0,0,0,0,0,0,11,1,0,0,0,0,0,1
Spotted Pate of Maidenpool,Night s Watch,0,0,0,0,0,0,0,0,0,0,0,0,0,0,1,0,0,0,0,0,0,1,3,55,0,1,0,0,0,1,0,0
Squint,House Greyjoy,0,0,0,0,0,1,0,0,0,0,0,0,0,0,0,0,0,0,0,0,0,1,2,50,50,1,0,0,1,0,0,0
Squirrel,Wildling,0,0,0,0,0,0,0,0,0,0,0,0,0,0,0,0,0,0,0,0,1,1,5,69,37,0,0,0,0,0,0,1
Stalwart Shield,Targaryen,0,0,0,0,0,0,0,0,0,0,0,0,0,0,0,0,0,1,0,0,0,1,5,2,2,1,0,0,0,0,0,1
Steelskin,None,0,0,0,0,0,0,0,0,0,0,0,0,0,0,0,1,0,0,0,0,0,0,0,0,11,1,0,0,0,0,0,1
Steffon Swyft,Lannister,0,0,0,0,0,0,0,0,0,0,0,0,1,0,0,0,0,0,0,0,0,0,0,0,27,1,1,0,0,0,1,0
Stevron Frey,Stark,0,0,0,0,0,0,0,0,0,0,0,0,0,0,0,0,1,0,0,0,0,1,2,35,59,1,1,1,1,0,0,0
Stiv,Wildling,0,0,0,0,0,0,0,0,0,0,0,0,0,0,0,0,0,0,0,0,1,1,1,37,37,1,0,1,0,0,0,0
Stone Thumbs,Wildling,0,0,0,0,0,0,0,0,0,0,0,0,0,0,0,0,0,0,0,0,1,1,3,55,41,1,0,0,0,1,0,0
Stonesnake,Night s Watch,0,0,0,0,0,0,0,0,0,0,0,0,0,0,1,0,0,0,0,0,0,0,0,0,43,1,0,0,1,0,0,0
Stygg,House Greyjoy,0,0,0,0,0,1,0,0,0,0,0,0,0,0,0,0,0,0,0,0,0,0,0,0,37,1,0,0,1,0,0,0
Styr,Wildling,0,0,0,0,0,0,0,0,0,0,0,0,0,0,0,0,0,0,0,0,1,1,3,26,7,1,1,0,0,1,0,0
Sybassion,None,0,0,0,0,0,0,0,0,0,0,0,0,0,0,0,1,0,0,0,0,0,0,0,0,63,1,0,0,1,0,0,0
Sybell Spicer,Lannister,0,0,0,0,0,0,0,0,0,0,0,0,1,0,0,0,0,0,0,0,0,0,0,0,14,0,1,0,0,1,1,0
Sybelle Glover,Stark,0,0,0,0,0,0,0,0,0,0,0,0,0,0,0,0,1,0,0,0,0,0,0,0,26,0,1,0,0,0,0,1
Sylva Santagar,Martell,0,0,0,0,0,0,0,0,0,0,0,0,0,1,0,0,0,0,0,0,0,0,0,0,21,0,1,0,0,0,1,0
Symon Silver Tongue,Lannister,0,0,0,0,0,0,0,0,0,0,0,0,1,0,0,0,0,0,0,0,0,1,3,32,44,1,0,0,1,1,0,0
Symon Stripeback,Targaryen,0,0,0,0,0,0,0,0,0,0,0,0,0,0,0,0,0,1,0,0,0,0,0,0,70,1,0,0,0,0,0,1
Symond Frey,None,0,0,0,0,0,0,0,0,0,0,0,0,0,0,0,1,0,0,0,0,0,1,5,29,19,1,1,0,0,0,0,1
Symond Templeton,Arryn,1,0,0,0,0,0,0,0,0,0,0,0,0,0,0,0,0,0,0,0,0,0,0,0,10,1,1,0,0,0,1,0
Syrio Forel,House Stark,0,0,0,0,0,0,0,0,1,0,0,0,0,0,0,0,0,0,0,0,0,1,1,50,22,1,0,1,0,0,0,0
Taena of Myr,Lannister,0,0,0,0,0,0,0,0,0,0,0,0,1,0,0,0,0,0,0,0,0,0,0,0,6,0,1,0,0,1,1,0
Tal Toraq,Targaryen,0,0,0,0,0,0,0,0,0,0,0,0,0,0,0,0,0,1,0,0,0,0,0,0,70,1,0,0,0,0,0,1
Tallad,Lannister,0,0,0,0,0,0,0,0,0,0,0,0,1,0,0,0,0,0,0,0,0,0,0,0,17,1,0,0,1,1,1,0
Tanda Stokeworth,Lannister,0,0,0,0,0,0,0,0,0,0,0,0,1,0,0,0,0,0,0,0,0,1,4,32,2,0,1,0,1,1,0,0
Tanton Fossoway,Baratheon,0,1,0,0,0,0,0,0,0,0,0,0,0,0,0,0,0,0,0,0,0,0,0,0,22,1,1,0,1,0,0,0
Ternesio Terys,None,0,0,0,0,0,0,0,0,0,0,0,0,0,0,0,1,0,0,0,0,0,0,0,0,74,1,0,0,0,1,0,0
Terrance Lynderly,Arryn,1,0,0,0,0,0,0,0,0,0,0,0,0,0,0,0,0,0,0,0,0,0,0,0,41,1,1,0,0,0,1,0
The Red Lamb,House Targaryen,0,0,0,0,0,0,0,0,0,1,0,0,0,0,0,0,0,0,0,0,0,0,0,0,67,1,0,0,0,0,0,1
Theo Frey,None,0,0,0,0,0,0,0,0,0,0,0,0,0,0,0,1,0,0,0,0,0,0,0,0,29,1,1,1,0,0,0,0
Theodan Wells,Stark,0,0,0,0,0,0,0,0,0,0,0,0,0,0,0,0,1,0,0,0,0,0,0,0,43,1,1,0,0,0,1,1
Theomore Lannister,None,0,0,0,0,0,0,0,0,0,0,0,0,0,0,0,1,0,0,0,0,0,0,0,0,19,1,1,0,0,0,0,1
Theon Greyjoy,House Greyjoy,0,0,0,0,0,1,0,0,0,0,0,0,0,0,0,0,0,0,0,0,0,0,0,0,1,1,1,1,1,0,0,1
Thistle,Wildling,0,0,0,0,0,0,0,0,0,0,0,0,0,0,0,0,0,0,0,0,1,1,5,0,0,0,0,0,0,0,0,1
Thoren Smallwood,Night s Watch,0,0,0,0,0,0,0,0,0,0,0,0,0,0,1,0,0,0,0,0,0,1,3,18,6,1,1,0,1,1,0,0
Thoros,None,0,0,0,0,0,0,0,0,0,0,0,0,0,0,0,1,0,0,0,0,0,0,0,0,29,1,0,1,0,1,1,0
Three Toes,None,0,0,0,0,0,0,0,0,0,0,0,0,0,0,0,1,0,0,0,0,0,0,0,0,44,1,0,0,0,1,0,0
Three-Tooth,Greyjoy,0,0,1,0,0,0,0,0,0,0,0,0,0,0,0,0,0,0,0,0,0,0,0,0,11,0,0,0,0,0,1,0
Tickler,Lannister,0,0,0,0,0,0,0,0,0,0,0,0,1,0,0,0,0,0,0,0,0,1,3,74,26,1,0,0,1,1,0,0
Tim Tangletongue,Night s Watch,0,0,0,0,0,0,0,0,0,0,0,0,0,0,1,0,0,0,0,0,0,0,0,0,69,1,0,0,0,1,0,0
Timeon,None,0,0,0,0,0,0,0,0,0,0,0,0,0,0,0,1,0,0,0,0,0,1,4,20,21,1,0,0,0,1,1,0
Timett,Lannister,0,0,0,0,0,0,0,0,0,0,0,0,1,0,0,0,0,0,0,0,0,0,0,0,56,1,0,1,1,0,0,0
Timon,Baratheon,0,1,0,0,0,0,0,0,0,0,0,0,0,0,0,0,0,0,0,0,0,0,0,0,65,1,0,0,1,0,0,0
Tion Frey,Lannister,0,0,0,0,0,0,0,0,0,0,0,0,1,0,0,0,0,0,0,0,0,1,3,20,20,0,1,0,0,1,0,0
Tobho Mott,None,0,0,0,0,0,0,0,0,0,0,0,0,0,0,0,1,0,0,0,0,0,0,0,0,27,1,0,1,0,1,0,0
Todder,Night s Watch,0,0,0,0,0,0,0,0,0,0,0,0,0,0,1,0,0,0,0,0,0,0,0,0,19,1,0,1,0,1,0,1
Todric,Greyjoy,0,0,1,0,0,0,0,0,0,0,0,0,0,0,0,0,0,0,0,0,0,1,2,37,37,1,0,0,1,0,0,0
Tom of Sevenstreams,None,0,0,0,0,0,0,0,0,0,0,0,0,0,0,0,1,0,0,0,0,0,0,0,0,13,1,0,0,0,1,1,0
Tomard,House Stark,0,0,0,0,0,0,0,0,1,0,0,0,0,0,0,0,0,0,0,0,0,1,1,49,22,1,0,1,0,0,0,0
Tormund,Wildling,0,0,0,0,0,0,0,0,0,0,0,0,0,0,0,0,0,0,0,0,1,0,0,0,7,1,1,0,0,1,0,1
Torrek,None,0,0,0,0,0,0,0,0,0,0,0,0,0,0,0,1,0,0,0,0,0,0,0,0,42,1,0,1,0,0,0,0
Torrhen Karstark,Stark,0,0,0,0,0,0,0,0,0,0,0,0,0,0,0,0,1,0,0,0,0,1,1,63,53,1,1,1,0,0,0,0
Tothmure,Lannister,0,0,0,0,0,0,0,0,0,0,0,0,1,0,0,0,0,0,0,0,0,1,2,64,30,1,0,0,1,0,0,0
Tregar,House Lannister,0,0,0,0,0,0,1,0,0,0,0,0,0,0,0,0,0,0,0,0,0,1,1,39,35,1,0,1,0,0,0,0
Tremond Gargalen,Martell,0,0,0,0,0,0,0,0,0,0,0,0,0,1,0,0,0,0,0,0,0,0,0,0,38,1,1,0,0,1,0,1
Tristifer Botley,Greyjoy,0,0,1,0,0,0,0,0,0,0,0,0,0,0,0,0,0,0,0,0,0,0,0,0,11,1,1,0,0,0,1,1
Triston Sunderland,Lannister,0,0,0,0,0,0,0,0,0,0,0,0,1,0,0,0,0,0,0,0,0,0,0,0,9,1,1,0,0,0,0,1
Tuffleberry,None,0,0,0,0,0,0,0,0,0,0,0,0,0,0,0,1,0,0,0,0,0,0,0,0,38,1,0,0,1,0,0,0
Tumberjon,Night s Watch,0,0,0,0,0,0,0,0,0,0,0,0,0,0,1,0,0,0,0,0,0,0,0,0,0,1,0,0,0,1,0,0
Tumco Lho,Targaryen,0,0,0,0,0,0,0,0,0,0,0,0,0,0,0,0,0,1,0,0,0,0,0,0,67,1,0,0,0,0,0,1
Tybero Istarion,None,0,0,0,0,0,0,0,0,0,0,0,0,0,0,0,1,0,0,0,0,0,0,0,0,66,1,0,0,0,0,0,1
Tycho Nestoris,None,0,0,0,0,0,0,0,0,0,0,0,0,0,0,0,1,0,0,0,0,0,0,0,0,44,1,0,0,0,0,0,1
Tyene Sand,House Martell,0,0,0,0,0,0,0,1,0,0,0,0,0,0,0,0,0,0,0,0,0,0,0,0,38,0,1,0,0,0,1,1
Tymor,House Greyjoy,0,0,0,0,0,1,0,0,0,0,0,0,0,0,0,0,0,0,0,0,0,1,2,66,37,1,0,0,1,0,0,0
Tyrek Lannister,House Lannister,0,0,0,0,0,0,1,0,0,0,0,0,0,0,0,0,0,0,0,0,0,1,2,41,30,1,1,1,1,0,0,0
Tyrion Lannister,Lannister,0,0,0,0,0,0,0,0,0,0,0,0,1,0,0,0,0,0,0,0,0,0,0,0,4,1,1,1,1,1,0,1
Tyta Frey,None,0,0,0,0,0,0,0,0,0,0,0,0,0,0,0,1,0,0,0,0,0,0,0,0,49,0,1,0,0,1,0,0
Tytos Blackwood,Tully,0,0,0,0,0,0,0,0,0,0,0,0,0,0,0,0,0,0,1,0,0,0,0,0,56,1,1,1,0,1,0,1
Tytos Brax,Lannister,0,0,0,0,0,0,0,0,0,0,0,0,1,0,0,0,0,0,0,0,0,0,0,0,63,1,1,1,1,0,0,0
Tytos Frey,None,0,0,0,0,0,0,0,0,0,0,0,0,0,0,0,1,0,0,0,0,0,1,3,0,0,1,1,0,0,1,0,0
Tywin Lannister,House Lannister,0,0,0,0,0,0,1,0,0,0,0,0,0,0,0,0,0,0,0,0,0,1,3,77,42,1,1,1,1,1,0,0
Ulf son of Umar,Lannister,0,0,0,0,0,0,0,0,0,0,0,0,1,0,0,0,0,0,0,0,0,1,1,62,56,1,0,1,0,0,0,0
Ulf the Ill,House Greyjoy,0,0,0,0,0,1,0,0,0,0,0,0,0,0,0,0,0,0,0,0,0,1,2,66,66,1,0,0,1,0,0,0
Ulmer,Night s Watch,0,0,0,0,0,0,0,0,0,0,0,0,0,0,1,0,0,0,0,0,0,0,0,0,33,1,0,0,0,1,0,1
Ulwyck Uller,Martell,0,0,0,0,0,0,0,0,0,0,0,0,0,1,0,0,0,0,0,0,0,0,0,0,38,1,1,0,0,1,0,1
Umar,None,0,0,0,0,0,0,0,0,0,0,0,0,0,0,0,1,0,0,0,0,0,0,0,0,56,1,0,1,0,0,0,0
Umfred,None,0,0,0,0,0,0,0,0,0,0,0,0,0,0,0,1,0,0,0,0,0,0,0,0,68,1,0,0,0,1,0,0
Unella,None,0,0,0,0,0,0,0,0,0,0,0,0,0,0,0,1,0,0,0,0,0,0,0,0,43,1,0,0,0,0,1,0
Urreg,Night s Watch,0,0,0,0,0,0,0,0,0,0,0,0,0,0,1,0,0,0,0,0,0,1,2,19,14,1,0,0,1,0,0,0
Urswyck,None,0,0,0,0,0,0,0,0,0,0,0,0,0,0,0,1,0,0,0,0,0,0,0,0,21,1,0,0,0,1,0,0
Utherydes Wayn,Tully,0,0,0,0,0,0,0,0,0,0,0,0,0,0,0,0,0,0,1,0,0,0,0,0,71,1,0,1,1,1,0,0
Utt,None,0,0,0,0,0,0,0,0,0,0,0,0,0,0,0,1,0,0,0,0,0,1,3,39,30,1,0,0,1,1,0,0
Val,Wildling,0,0,0,0,0,0,0,0,0,0,0,0,0,0,0,0,0,0,0,0,1,0,0,0,7,0,0,0,0,1,0,1
Varamyr,Wildling,0,0,0,0,0,0,0,0,0,0,0,0,0,0,0,0,0,0,0,0,1,1,5,0,15,1,0,0,0,1,0,1
Vardis Egen,Arryn,1,0,0,0,0,0,0,0,0,0,0,0,0,0,0,0,0,0,0,0,0,1,1,40,34,1,0,1,0,0,0,0
Vargo Hoat,None,0,0,0,0,0,0,0,0,0,0,0,0,0,0,0,1,0,0,0,0,0,1,3,20,30,1,0,0,1,1,0,0
Varys,Targaryen,0,0,0,0,0,0,0,0,0,0,0,0,0,0,0,0,0,1,0,0,0,0,0,0,25,1,0,1,1,1,0,1
Vayon Poole,Stark,0,0,0,0,0,0,0,0,0,0,0,0,0,0,0,0,1,0,0,0,0,1,1,21,7,1,0,1,1,0,0,0
Victarion Greyjoy,House Greyjoy,0,0,0,0,0,1,0,0,0,0,0,0,0,0,0,0,0,0,0,0,0,0,0,0,24,1,1,0,1,0,1,1
Viserys Targaryen,House Targaryen,0,0,0,0,0,0,0,0,0,1,0,0,0,0,0,0,0,0,0,0,0,1,1,46,3,1,1,1,0,0,0,0
Vylarr,House Lannister,0,0,0,0,0,0,1,0,0,0,0,0,0,0,0,0,0,0,0,0,0,0,0,0,3,1,0,0,1,0,0,0
Vyman,Tully,0,0,0,0,0,0,0,0,0,0,0,0,0,0,0,0,0,0,1,0,0,0,0,0,55,1,0,0,1,1,1,0
Waif,None,0,0,0,0,0,0,0,0,0,0,0,0,0,0,0,1,0,0,0,0,0,0,0,0,6,0,0,0,0,0,1,1
Walda Rivers (daughter of Aemon),None,0,0,0,0,0,0,0,0,0,0,0,0,0,0,0,1,0,0,0,0,0,0,0,0,49,0,1,0,0,1,0,0
Walder Frey,None,0,0,0,0,0,0,0,0,0,0,0,0,0,0,0,1,0,0,0,0,0,0,0,0,28,1,1,1,0,1,0,0
Walder Rivers,None,0,0,0,0,0,0,0,0,0,0,0,0,0,0,0,1,0,0,0,0,0,0,0,0,35,1,1,0,0,1,1,0
Wallen,Wildling,0,0,0,0,0,0,0,0,0,0,0,0,0,0,0,0,0,0,0,0,1,1,1,37,37,1,0,1,0,0,0,0
Walton,None,0,0,0,0,0,0,0,0,0,0,0,0,0,0,0,1,0,0,0,0,0,0,0,0,64,1,0,0,1,1,0,1
Wat (orphan),None,0,0,0,0,0,0,0,0,0,0,0,0,0,0,0,1,0,0,0,0,0,0,0,0,37,1,0,0,0,0,1,0
Wat (sailor),None,0,0,0,0,0,0,0,0,0,0,0,0,0,0,0,1,0,0,0,0,0,0,0,0,34,1,0,0,0,0,1,0
Watt,Night s Watch,0,0,0,0,0,0,0,0,0,0,0,0,0,0,1,0,0,0,0,0,0,1,3,75,69,1,0,0,0,1,0,0
Watty,None,0,0,0,0,0,0,0,0,0,0,0,0,0,0,0,1,0,0,0,0,0,0,0,0,39,1,0,0,0,1,0,0
Waymar Royce,Night s Watch,0,0,0,0,0,0,0,0,0,0,0,0,0,0,1,0,0,0,0,0,0,1,1,0,0,1,1,1,0,0,0,0
Wayn (guard),House Stark,0,0,0,0,0,0,0,0,1,0,0,0,0,0,0,0,0,0,0,0,0,0,0,0,37,1,0,1,0,0,0,0
Weasel,None,0,0,0,0,0,0,0,0,0,0,0,0,0,0,0,1,0,0,0,0,0,0,0,0,9,0,0,0,1,0,0,0
Weeper,Wildling,0,0,0,0,0,0,0,0,0,0,0,0,0,0,0,0,0,0,0,0,1,0,0,0,7,1,1,0,0,1,0,0
Weese,Lannister,0,0,0,0,0,0,0,0,0,0,0,0,1,0,0,0,0,0,0,0,0,1,2,38,26,1,0,0,1,0,0,0
Wendel Manderly,Stark,0,0,0,0,0,0,0,0,0,0,0,0,0,0,0,0,1,0,0,0,0,1,3,51,55,1,1,1,1,1,0,0
Wendello Qar Deeth,None,0,0,0,0,0,0,0,0,0,0,0,0,0,0,0,1,0,0,0,0,0,0,0,0,40,1,1,0,1,0,0,0
Werlag,House Greyjoy,0,0,0,0,0,1,0,0,0,0,0,0,0,0,0,0,0,0,0,0,0,1,2,66,37,1,0,0,1,0,0,0
Wex Pyke,Stark,0,0,0,0,0,0,0,0,0,0,0,0,0,0,0,0,1,0,0,0,0,0,0,0,24,1,0,0,1,0,0,1
Whalen Frey,None,0,0,0,0,0,0,0,0,0,0,0,0,0,0,0,1,0,0,0,0,0,0,0,0,59,1,1,1,0,1,0,0
Wilbert,Stark,0,0,0,0,0,0,0,0,0,0,0,0,0,0,0,0,1,0,0,0,0,1,3,29,29,1,0,0,0,1,0,0
Will,Night s Watch,0,0,0,0,0,0,0,0,0,0,0,0,0,0,1,0,0,0,0,0,0,1,1,0,0,1,0,1,0,0,0,0
Will (orphan),None,0,0,0,0,0,0,0,0,0,0,0,0,0,0,0,1,0,0,0,0,0,0,0,0,37,1,0,0,0,0,1,0
Willam Wells,Martell,0,0,0,0,0,0,0,0,0,0,0,0,0,1,0,0,0,0,0,0,0,1,5,6,6,1,0,0,0,0,0,1
Willem Lannister,House Lannister,0,0,0,0,0,0,1,0,0,0,0,0,0,0,0,0,0,0,0,0,0,1,3,20,19,1,1,0,0,1,0,0
William Mooton,Tully,0,0,0,0,0,0,0,0,0,0,0,0,0,0,0,0,0,0,1,0,0,0,0,0,14,1,1,0,0,0,1,0
Willis Wode,Arryn,1,0,0,0,0,0,0,0,0,0,0,0,0,0,0,0,0,0,0,0,0,0,0,0,31,1,1,1,0,0,0,0
Willit,Lannister,0,0,0,0,0,0,0,0,0,0,0,0,1,0,0,0,0,0,0,0,0,0,0,0,65,1,0,0,1,0,0,0
Willow Witch-eye,Wildling,0,0,0,0,0,0,0,0,0,0,0,0,0,0,0,0,0,0,0,0,1,1,5,69,37,0,0,0,0,0,0,1
Willum,Tully,0,0,0,0,0,0,0,0,0,0,0,0,0,0,0,0,0,0,1,0,0,0,0,0,43,1,0,1,0,0,0,0
Woth,Night s Watch,0,0,0,0,0,0,0,0,0,0,0,0,0,0,1,0,0,0,0,0,0,1,2,14,14,1,0,0,1,0,0,0
Wulfe,House Greyjoy,0,0,0,0,0,1,0,0,0,0,0,0,0,0,0,0,0,0,0,0,0,0,0,0,29,1,0,0,0,0,1,1
Wun Weg Wun Dar Wun,Wildling,0,0,0,0,0,0,0,0,0,0,0,0,0,0,0,0,0,0,0,0,1,0,0,0,35,1,0,0,0,0,0,1
Wyl (guard),House Stark,0,0,0,0,0,0,0,0,1,0,0,0,0,0,0,0,0,0,0,0,0,1,1,35,35,1,0,1,0,0,0,0
Wyl the Whittler,None,0,0,0,0,0,0,0,0,0,0,0,0,0,0,0,1,0,0,0,0,0,1,3,34,34,1,0,0,0,1,0,0
Wylis Manderly,Stark,0,0,0,0,0,0,0,0,0,0,0,0,0,0,0,0,1,0,0,0,0,0,0,0,55,1,1,1,1,0,1,0
Wylla Manderly,Stark,0,0,0,0,0,0,0,0,0,0,0,0,0,0,0,0,1,0,0,0,0,0,0,0,19,0,1,0,0,0,0,1
Wyman Manderly,Stark,0,0,0,0,0,0,0,0,0,0,0,0,0,0,0,0,1,0,0,0,0,0,0,0,16,1,1,0,1,0,0,1
Wynafryd Manderly,Stark,0,0,0,0,0,0,0,0,0,0,0,0,0,0,0,0,1,0,0,0,0,0,0,0,19,1,1,0,0,0,0,1
Wynton Stout,Night s Watch,0,0,0,0,0,0,0,0,0,0,0,0,0,0,1,0,0,0,0,0,0,0,0,0,41,1,0,0,0,1,0,0
Xaro Xhoan Daxos,None,0,0,0,0,0,0,0,0,0,0,0,0,0,0,0,1,0,0,0,0,0,0,0,0,12,1,1,0,1,0,0,1
Xhondo,None,0,0,0,0,0,0,0,0,0,0,0,0,0,0,0,1,0,0,0,0,0,0,0,0,26,1,0,0,0,0,1,0
Yandry,House Targaryen,0,0,0,0,0,0,0,0,0,1,0,0,0,0,0,0,0,0,0,0,0,0,0,0,8,1,0,0,0,0,0,1
Yellow Dick,None,0,0,0,0,0,0,0,0,0,0,0,0,0,0,0,1,0,0,0,0,0,1,5,46,12,1,0,0,0,0,0,1
Ygon Farwynd,Greyjoy,0,0,1,0,0,0,0,0,0,0,0,0,0,0,0,0,0,0,0,0,0,0,0,0,19,1,1,0,0,0,1,0
Ygritte,Wildling,0,0,0,0,0,0,0,0,0,0,0,0,0,0,0,0,0,0,0,0,1,1,3,55,51,0,0,0,1,1,0,0
Yohn Farwynd,Greyjoy,0,0,1,0,0,0,0,0,0,0,0,0,0,0,0,0,0,0,0,0,0,0,0,0,19,1,1,0,0,0,1,0
Yohn Royce,Arryn,1,0,0,0,0,0,0,0,0,0,0,0,0,0,0,0,0,0,0,0,0,0,0,0,29,1,1,1,0,0,1,0
Yoren,Night s Watch,0,0,0,0,0,0,0,0,0,0,0,0,0,0,1,0,0,0,0,0,0,1,2,19,13,1,0,1,1,0,0,0
Young Henly,Night s Watch,0,0,0,0,0,0,0,0,0,0,0,0,0,0,1,0,0,0,0,0,0,1,3,55,55,1,0,0,0,1,0,0
Ysilla,House Targaryen,0,0,0,0,0,0,0,0,0,1,0,0,0,0,0,0,0,0,0,0,0,0,0,0,8,1,0,0,0,0,0,1
Zei,Stark,0,0,0,0,0,0,0,0,0,0,0,0,0,0,0,0,1,0,0,0,0,0,0,0,64,0,0,0,0,1,0,0
Zollo,None,0,0,0,0,0,0,0,0,0,0,0,0,0,0,0,1,0,0,0,0,0,0,0,0,21,1,0,0,0,1,0,0
Yurkhaz zo Yunzak,None,0,0,0,0,0,0,0,0,0,0,0,0,0,0,0,1,0,0,0,0,0,1,5,59,47,1,0,0,0,0,0,1
Yezzan Zo Qaggaz,None,0,0,0,0,0,0,0,0,0,0,0,0,0,0,0,1,0,0,0,0,0,1,5,57,25,1,1,0,0,0,0,1
Torwynd the Tame,Wildling,0,0,0,0,0,0,0,0,0,0,0,0,0,0,0,0,0,0,0,0,1,1,5,73,73,1,0,0,0,1,0,0
Talbert Serry,Tyrell,0,0,0,0,0,0,0,0,0,0,0,0,0,0,0,0,0,0,0,1,0,1,4,29,29,1,1,0,0,0,1,0
